date,language,active_editors,new_editors,total_editors,new_articles,total_articles,page_views
2001/01/31,as,0,0,0,0,0,0
2001/01/31,bn,0,0,0,0,0,0
2001/01/31,bh,0,0,0,0,0,0
2001/01/31,bpy,0,0,0,0,0,0
2001/01/31,gu,0,0,0,0,0,0
2001/01/31,hi,0,0,0,0,0,0
2001/01/31,kn,0,0,0,0,0,0
2001/01/31,ks,0,0,0,0,0,0
2001/01/31,ml,0,0,0,0,0,0
2001/01/31,mr,0,0,0,0,0,0
2001/01/31,ne,0,0,0,0,0,0
2001/01/31,new,0,0,0,0,0,0
2001/01/31,or,0,0,0,0,0,0
2001/01/31,pa,0,0,0,0,0,0
2001/01/31,pi,0,0,0,0,0,0
2001/01/31,sa,0,0,0,0,0,0
2001/01/31,sd,0,0,0,0,0,0
2001/01/31,ta,0,0,0,0,0,0
2001/01/31,te,0,0,0,0,0,0
2001/01/31,total,0,0,0,0,0,0
2001/01/31,ur,0,0,0,0,0,0
2001/02/28,as,0,0,0,0,0,0
2001/02/28,bn,0,0,0,0,0,0
2001/02/28,bh,0,0,0,0,0,0
2001/02/28,bpy,0,0,0,0,0,0
2001/02/28,gu,0,0,0,0,0,0
2001/02/28,hi,0,0,0,0,0,0
2001/02/28,kn,0,0,0,0,0,0
2001/02/28,ks,0,0,0,0,0,0
2001/02/28,ml,0,0,0,0,0,0
2001/02/28,mr,0,0,0,0,0,0
2001/02/28,ne,0,0,0,0,0,0
2001/02/28,new,0,0,0,0,0,0
2001/02/28,or,0,0,0,0,0,0
2001/02/28,pa,0,0,0,0,0,0
2001/02/28,pi,0,0,0,0,0,0
2001/02/28,sa,0,0,0,0,0,0
2001/02/28,sd,0,0,0,0,0,0
2001/02/28,ta,0,0,0,0,0,0
2001/02/28,te,0,0,0,0,0,0
2001/02/28,total,0,0,0,0,0,0
2001/02/28,ur,0,0,0,0,0,0
2001/03/31,as,0,0,0,0,0,0
2001/03/31,bn,0,0,0,0,0,0
2001/03/31,bh,0,0,0,0,0,0
2001/03/31,bpy,0,0,0,0,0,0
2001/03/31,gu,0,0,0,0,0,0
2001/03/31,hi,0,0,0,0,0,0
2001/03/31,kn,0,0,0,0,0,0
2001/03/31,ks,0,0,0,0,0,0
2001/03/31,ml,0,0,0,0,0,0
2001/03/31,mr,0,0,0,0,0,0
2001/03/31,ne,0,0,0,0,0,0
2001/03/31,new,0,0,0,0,0,0
2001/03/31,or,0,0,0,0,0,0
2001/03/31,pa,0,0,0,0,0,0
2001/03/31,pi,0,0,0,0,0,0
2001/03/31,sa,0,0,0,0,0,0
2001/03/31,sd,0,0,0,0,0,0
2001/03/31,ta,0,0,0,0,0,0
2001/03/31,te,0,0,0,0,0,0
2001/03/31,total,0,0,0,0,0,0
2001/03/31,ur,0,0,0,0,0,0
2001/04/30,as,0,0,0,0,0,0
2001/04/30,bn,0,0,0,0,0,0
2001/04/30,bh,0,0,0,0,0,0
2001/04/30,bpy,0,0,0,0,0,0
2001/04/30,gu,0,0,0,0,0,0
2001/04/30,hi,0,0,0,0,0,0
2001/04/30,kn,0,0,0,0,0,0
2001/04/30,ks,0,0,0,0,0,0
2001/04/30,ml,0,0,0,0,0,0
2001/04/30,mr,0,0,0,0,0,0
2001/04/30,ne,0,0,0,0,0,0
2001/04/30,new,0,0,0,0,0,0
2001/04/30,or,0,0,0,0,0,0
2001/04/30,pa,0,0,0,0,0,0
2001/04/30,pi,0,0,0,0,0,0
2001/04/30,sa,0,0,0,0,0,0
2001/04/30,sd,0,0,0,0,0,0
2001/04/30,ta,0,0,0,0,0,0
2001/04/30,te,0,0,0,0,0,0
2001/04/30,total,0,0,0,0,0,0
2001/04/30,ur,0,0,0,0,0,0
2001/05/31,as,0,0,0,0,0,0
2001/05/31,bn,0,0,0,0,0,0
2001/05/31,bh,0,0,0,0,0,0
2001/05/31,bpy,0,0,0,0,0,0
2001/05/31,gu,0,0,0,0,0,0
2001/05/31,hi,0,0,0,0,0,0
2001/05/31,kn,0,0,0,0,0,0
2001/05/31,ks,0,0,0,0,0,0
2001/05/31,ml,0,0,0,0,0,0
2001/05/31,mr,0,0,0,0,0,0
2001/05/31,ne,0,0,0,0,0,0
2001/05/31,new,0,0,0,0,0,0
2001/05/31,or,0,0,0,0,0,0
2001/05/31,pa,0,0,0,0,0,0
2001/05/31,pi,0,0,0,0,0,0
2001/05/31,sa,0,0,0,0,0,0
2001/05/31,sd,0,0,0,0,0,0
2001/05/31,ta,0,0,0,0,0,0
2001/05/31,te,0,0,0,0,0,0
2001/05/31,total,0,0,0,0,0,0
2001/05/31,ur,0,0,0,0,0,0
2001/06/30,as,0,0,0,0,0,0
2001/06/30,bn,0,0,0,0,0,0
2001/06/30,bh,0,0,0,0,0,0
2001/06/30,bpy,0,0,0,0,0,0
2001/06/30,gu,0,0,0,0,0,0
2001/06/30,hi,0,0,0,0,0,0
2001/06/30,kn,0,0,0,0,0,0
2001/06/30,ks,0,0,0,0,0,0
2001/06/30,ml,0,0,0,0,0,0
2001/06/30,mr,0,0,0,0,0,0
2001/06/30,ne,0,0,0,0,0,0
2001/06/30,new,0,0,0,0,0,0
2001/06/30,or,0,0,0,0,0,0
2001/06/30,pa,0,0,0,0,0,0
2001/06/30,pi,0,0,0,0,0,0
2001/06/30,sa,0,0,0,0,0,0
2001/06/30,sd,0,0,0,0,0,0
2001/06/30,ta,0,0,0,0,0,0
2001/06/30,te,0,0,0,0,0,0
2001/06/30,total,0,0,0,0,0,0
2001/06/30,ur,0,0,0,0,0,0
2001/07/31,as,0,0,0,0,0,0
2001/07/31,bn,0,0,0,0,0,0
2001/07/31,bh,0,0,0,0,0,0
2001/07/31,bpy,0,0,0,0,0,0
2001/07/31,gu,0,0,0,0,0,0
2001/07/31,hi,0,0,0,0,0,0
2001/07/31,kn,0,0,0,0,0,0
2001/07/31,ks,0,0,0,0,0,0
2001/07/31,ml,0,0,0,0,0,0
2001/07/31,mr,0,0,0,0,0,0
2001/07/31,ne,0,0,0,0,0,0
2001/07/31,new,0,0,0,0,0,0
2001/07/31,or,0,0,0,0,0,0
2001/07/31,pa,0,0,0,0,0,0
2001/07/31,pi,0,0,0,0,0,0
2001/07/31,sa,0,0,0,0,0,0
2001/07/31,sd,0,0,0,0,0,0
2001/07/31,ta,0,0,0,0,0,0
2001/07/31,te,0,0,0,0,0,0
2001/07/31,total,0,0,0,0,0,0
2001/07/31,ur,0,0,0,0,0,0
2001/08/31,as,0,0,0,0,0,0
2001/08/31,bn,0,0,0,0,0,0
2001/08/31,bh,0,0,0,0,0,0
2001/08/31,bpy,0,0,0,0,0,0
2001/08/31,gu,0,0,0,0,0,0
2001/08/31,hi,0,0,0,0,0,0
2001/08/31,kn,0,0,0,0,0,0
2001/08/31,ks,0,0,0,0,0,0
2001/08/31,ml,0,0,0,0,0,0
2001/08/31,mr,0,0,0,0,0,0
2001/08/31,ne,0,0,0,0,0,0
2001/08/31,new,0,0,0,0,0,0
2001/08/31,or,0,0,0,0,0,0
2001/08/31,pa,0,0,0,0,0,0
2001/08/31,pi,0,0,0,0,0,0
2001/08/31,sa,0,0,0,0,0,0
2001/08/31,sd,0,0,0,0,0,0
2001/08/31,ta,0,0,0,0,0,0
2001/08/31,te,0,0,0,0,0,0
2001/08/31,total,0,0,0,0,0,0
2001/08/31,ur,0,0,0,0,0,0
2001/09/30,as,0,0,0,0,0,0
2001/09/30,bn,0,0,0,0,0,0
2001/09/30,bh,0,0,0,0,0,0
2001/09/30,bpy,0,0,0,0,0,0
2001/09/30,gu,0,0,0,0,0,0
2001/09/30,hi,0,0,0,0,0,0
2001/09/30,kn,0,0,0,0,0,0
2001/09/30,ks,0,0,0,0,0,0
2001/09/30,ml,0,0,0,0,0,0
2001/09/30,mr,0,0,0,0,0,0
2001/09/30,ne,0,0,0,0,0,0
2001/09/30,new,0,0,0,0,0,0
2001/09/30,or,0,0,0,0,0,0
2001/09/30,pa,0,0,0,0,0,0
2001/09/30,pi,0,0,0,0,0,0
2001/09/30,sa,0,0,0,0,0,0
2001/09/30,sd,0,0,0,0,0,0
2001/09/30,ta,0,0,0,0,0,0
2001/09/30,te,0,0,0,0,0,0
2001/09/30,total,0,0,0,0,0,0
2001/09/30,ur,0,0,0,0,0,0
2001/10/31,as,0,0,0,0,0,0
2001/10/31,bn,0,0,0,0,0,0
2001/10/31,bh,0,0,0,0,0,0
2001/10/31,bpy,0,0,0,0,0,0
2001/10/31,gu,0,0,0,0,0,0
2001/10/31,hi,0,0,0,0,0,0
2001/10/31,kn,0,0,0,0,0,0
2001/10/31,ks,0,0,0,0,0,0
2001/10/31,ml,0,0,0,0,0,0
2001/10/31,mr,0,0,0,0,0,0
2001/10/31,ne,0,0,0,0,0,0
2001/10/31,new,0,0,0,0,0,0
2001/10/31,or,0,0,0,0,0,0
2001/10/31,pa,0,0,0,0,0,0
2001/10/31,pi,0,0,0,0,0,0
2001/10/31,sa,0,0,0,0,0,0
2001/10/31,sd,0,0,0,0,0,0
2001/10/31,ta,0,0,0,0,0,0
2001/10/31,te,0,0,0,0,0,0
2001/10/31,total,0,0,0,0,0,0
2001/10/31,ur,0,0,0,0,0,0
2001/11/30,as,0,0,0,0,0,0
2001/11/30,bn,0,0,0,0,0,0
2001/11/30,bh,0,0,0,0,0,0
2001/11/30,bpy,0,0,0,0,0,0
2001/11/30,gu,0,0,0,0,0,0
2001/11/30,hi,0,0,0,0,0,0
2001/11/30,kn,0,0,0,0,0,0
2001/11/30,ks,0,0,0,0,0,0
2001/11/30,ml,0,0,0,0,0,0
2001/11/30,mr,0,0,0,0,0,0
2001/11/30,ne,0,0,0,0,0,0
2001/11/30,new,0,0,0,0,0,0
2001/11/30,or,0,0,0,0,0,0
2001/11/30,pa,0,0,0,0,0,0
2001/11/30,pi,0,0,0,0,0,0
2001/11/30,sa,0,0,0,0,0,0
2001/11/30,sd,0,0,0,0,0,0
2001/11/30,ta,0,0,0,0,0,0
2001/11/30,te,0,0,0,0,0,0
2001/11/30,total,0,0,0,0,0,0
2001/11/30,ur,0,0,0,0,0,0
2001/12/31,as,0,0,0,0,0,0
2001/12/31,bn,0,0,0,0,0,0
2001/12/31,bh,0,0,0,0,0,0
2001/12/31,bpy,0,0,0,0,0,0
2001/12/31,gu,0,0,0,0,0,0
2001/12/31,hi,0,0,0,0,0,0
2001/12/31,kn,0,0,0,0,0,0
2001/12/31,ks,0,0,0,0,0,0
2001/12/31,ml,0,0,0,0,0,0
2001/12/31,mr,0,0,0,0,0,0
2001/12/31,ne,0,0,0,0,0,0
2001/12/31,new,0,0,0,0,0,0
2001/12/31,or,0,0,0,0,0,0
2001/12/31,pa,0,0,0,0,0,0
2001/12/31,pi,0,0,0,0,0,0
2001/12/31,sa,0,0,0,0,0,0
2001/12/31,sd,0,0,0,0,0,0
2001/12/31,ta,0,0,0,0,0,0
2001/12/31,te,0,0,0,0,0,0
2001/12/31,total,0,0,0,0,0,0
2001/12/31,ur,0,0,0,0,0,0
2002/01/31,as,0,0,0,0,0,0
2002/01/31,bn,0,0,0,0,0,0
2002/01/31,bh,0,0,0,0,0,0
2002/01/31,bpy,0,0,0,0,0,0
2002/01/31,gu,0,0,0,0,0,0
2002/01/31,hi,0,0,0,0,0,0
2002/01/31,kn,0,0,0,0,0,0
2002/01/31,ks,0,0,0,0,0,0
2002/01/31,ml,0,0,0,0,0,0
2002/01/31,mr,0,0,0,0,0,0
2002/01/31,ne,0,0,0,0,0,0
2002/01/31,new,0,0,0,0,0,0
2002/01/31,or,0,0,0,0,0,0
2002/01/31,pa,0,0,0,0,0,0
2002/01/31,pi,0,0,0,0,0,0
2002/01/31,sa,0,0,0,0,0,0
2002/01/31,sd,0,0,0,0,0,0
2002/01/31,ta,0,0,0,0,0,0
2002/01/31,te,0,0,0,0,0,0
2002/01/31,total,0,0,0,0,0,0
2002/01/31,ur,0,0,0,0,0,0
2002/02/28,as,0,0,0,0,0,0
2002/02/28,bn,0,0,0,0,0,0
2002/02/28,bh,0,0,0,0,0,0
2002/02/28,bpy,0,0,0,0,0,0
2002/02/28,gu,0,0,0,0,0,0
2002/02/28,hi,0,0,0,0,0,0
2002/02/28,kn,0,0,0,0,0,0
2002/02/28,ks,0,0,0,0,0,0
2002/02/28,ml,0,0,0,0,0,0
2002/02/28,mr,0,0,0,0,0,0
2002/02/28,ne,0,0,0,0,0,0
2002/02/28,new,0,0,0,0,0,0
2002/02/28,or,0,0,0,0,0,0
2002/02/28,pa,0,0,0,0,0,0
2002/02/28,pi,0,0,0,0,0,0
2002/02/28,sa,0,0,0,0,0,0
2002/02/28,sd,0,0,0,0,0,0
2002/02/28,ta,0,0,0,0,0,0
2002/02/28,te,0,0,0,0,0,0
2002/02/28,total,0,0,0,0,0,0
2002/02/28,ur,0,0,0,0,0,0
2002/03/31,as,0,0,0,0,0,0
2002/03/31,bn,0,0,0,0,0,0
2002/03/31,bh,0,0,0,0,0,0
2002/03/31,bpy,0,0,0,0,0,0
2002/03/31,gu,0,0,0,0,0,0
2002/03/31,hi,0,0,0,0,0,0
2002/03/31,kn,0,0,0,0,0,0
2002/03/31,ks,0,0,0,0,0,0
2002/03/31,ml,0,0,0,0,0,0
2002/03/31,mr,0,0,0,0,0,0
2002/03/31,ne,0,0,0,0,0,0
2002/03/31,new,0,0,0,0,0,0
2002/03/31,or,0,0,0,0,0,0
2002/03/31,pa,0,0,0,0,0,0
2002/03/31,pi,0,0,0,0,0,0
2002/03/31,sa,0,0,0,0,0,0
2002/03/31,sd,0,0,0,0,0,0
2002/03/31,ta,0,0,0,0,0,0
2002/03/31,te,0,0,0,0,0,0
2002/03/31,total,0,0,0,0,0,0
2002/03/31,ur,0,0,0,0,0,0
2002/04/30,as,0,0,0,0,0,0
2002/04/30,bn,0,0,0,0,0,0
2002/04/30,bh,0,0,0,0,0,0
2002/04/30,bpy,0,0,0,0,0,0
2002/04/30,gu,0,0,0,0,0,0
2002/04/30,hi,0,0,0,0,0,0
2002/04/30,kn,0,0,0,0,0,0
2002/04/30,ks,0,0,0,0,0,0
2002/04/30,ml,0,0,0,0,0,0
2002/04/30,mr,0,0,0,0,0,0
2002/04/30,ne,0,0,0,0,0,0
2002/04/30,new,0,0,0,0,0,0
2002/04/30,or,0,0,0,0,0,0
2002/04/30,pa,0,0,0,0,0,0
2002/04/30,pi,0,0,0,0,0,0
2002/04/30,sa,0,0,0,0,0,0
2002/04/30,sd,0,0,0,0,0,0
2002/04/30,ta,0,0,0,0,0,0
2002/04/30,te,0,0,0,0,0,0
2002/04/30,total,0,0,0,0,0,0
2002/04/30,ur,0,0,0,0,0,0
2002/05/31,as,0,0,0,0,0,0
2002/05/31,bn,0,0,0,0,0,0
2002/05/31,bh,0,0,0,0,0,0
2002/05/31,bpy,0,0,0,0,0,0
2002/05/31,gu,0,0,0,0,0,0
2002/05/31,hi,0,0,0,0,0,0
2002/05/31,kn,0,0,0,0,0,0
2002/05/31,ks,0,0,0,0,0,0
2002/05/31,ml,0,0,0,0,0,0
2002/05/31,mr,0,0,0,0,0,0
2002/05/31,ne,0,0,0,0,0,0
2002/05/31,new,0,0,0,0,0,0
2002/05/31,or,0,0,0,0,0,0
2002/05/31,pa,0,0,0,0,0,0
2002/05/31,pi,0,0,0,0,0,0
2002/05/31,sa,0,0,0,0,0,0
2002/05/31,sd,0,0,0,0,0,0
2002/05/31,ta,0,0,0,0,0,0
2002/05/31,te,0,0,0,0,0,0
2002/05/31,total,0,0,0,0,0,0
2002/05/31,ur,0,0,0,0,0,0
2002/06/30,as,0,1,1,0,0,0
2002/06/30,bn,0,0,0,0,0,0
2002/06/30,bh,0,0,0,0,0,0
2002/06/30,bpy,0,0,0,0,0,0
2002/06/30,gu,0,0,0,0,0,0
2002/06/30,hi,0,0,0,0,0,0
2002/06/30,kn,0,0,0,0,0,0
2002/06/30,ks,0,0,0,0,0,0
2002/06/30,ml,0,0,0,0,0,0
2002/06/30,mr,0,0,0,0,0,0
2002/06/30,ne,0,1,1,0,1,0
2002/06/30,new,0,0,0,0,0,0
2002/06/30,or,0,0,0,0,0,0
2002/06/30,pa,0,1,1,0,1,0
2002/06/30,pi,0,0,0,0,0,0
2002/06/30,sa,0,0,0,0,0,0
2002/06/30,sd,0,0,0,0,0,0
2002/06/30,ta,0,0,0,0,0,0
2002/06/30,te,0,0,0,0,0,0
2002/06/30,total,0,3,3,0,2,0
2002/06/30,ur,0,0,0,0,0,0
2002/07/31,as,0,0,1,0,0,0
2002/07/31,bn,0,0,0,0,0,0
2002/07/31,bh,0,0,0,0,0,0
2002/07/31,bpy,0,0,0,0,0,0
2002/07/31,gu,0,0,0,0,0,0
2002/07/31,hi,0,0,0,0,0,0
2002/07/31,kn,0,0,0,0,0,0
2002/07/31,ks,0,0,0,0,0,0
2002/07/31,ml,0,0,0,0,0,0
2002/07/31,mr,0,0,0,0,0,0
2002/07/31,ne,0,0,1,0,1,0
2002/07/31,new,0,0,0,0,0,0
2002/07/31,or,0,0,0,0,0,0
2002/07/31,pa,0,0,1,0,1,0
2002/07/31,pi,0,0,0,0,0,0
2002/07/31,sa,0,0,0,0,0,0
2002/07/31,sd,0,0,0,0,0,0
2002/07/31,ta,0,0,0,0,0,0
2002/07/31,te,0,0,0,0,0,0
2002/07/31,total,0,0,3,0,2,0
2002/07/31,ur,0,0,0,0,0,0
2002/08/31,as,0,0,1,0,0,0
2002/08/31,bn,0,0,0,0,0,0
2002/08/31,bh,0,0,0,0,0,0
2002/08/31,bpy,0,0,0,0,0,0
2002/08/31,gu,0,0,0,0,0,0
2002/08/31,hi,0,0,0,0,0,0
2002/08/31,kn,0,0,0,0,0,0
2002/08/31,ks,0,0,0,0,0,0
2002/08/31,ml,0,0,0,0,0,0
2002/08/31,mr,0,0,0,0,0,0
2002/08/31,ne,0,0,1,0,1,0
2002/08/31,new,0,0,0,0,0,0
2002/08/31,or,0,0,0,0,0,0
2002/08/31,pa,0,0,1,0,1,0
2002/08/31,pi,0,0,0,0,0,0
2002/08/31,sa,0,0,0,0,0,0
2002/08/31,sd,0,0,0,0,0,0
2002/08/31,ta,0,0,0,0,0,0
2002/08/31,te,0,0,0,0,0,0
2002/08/31,total,0,0,3,0,2,0
2002/08/31,ur,0,0,0,0,0,0
2002/09/30,as,0,0,1,0,0,0
2002/09/30,bn,0,0,0,0,0,0
2002/09/30,bh,0,0,0,0,0,0
2002/09/30,bpy,0,0,0,0,0,0
2002/09/30,gu,0,0,0,0,0,0
2002/09/30,hi,0,0,0,0,0,0
2002/09/30,kn,0,0,0,0,0,0
2002/09/30,ks,0,0,0,0,0,0
2002/09/30,ml,0,0,0,0,0,0
2002/09/30,mr,0,0,0,0,0,0
2002/09/30,ne,0,0,1,0,1,0
2002/09/30,new,0,0,0,0,0,0
2002/09/30,or,0,0,0,0,0,0
2002/09/30,pa,0,0,1,0,1,0
2002/09/30,pi,0,0,0,0,0,0
2002/09/30,sa,0,0,0,0,0,0
2002/09/30,sd,0,0,0,0,0,0
2002/09/30,ta,0,0,0,0,0,0
2002/09/30,te,0,0,0,0,0,0
2002/09/30,total,0,0,3,0,2,0
2002/09/30,ur,0,0,0,0,0,0
2002/10/31,as,0,0,1,0,0,0
2002/10/31,bn,0,0,0,0,0,0
2002/10/31,bh,0,0,0,0,0,0
2002/10/31,bpy,0,0,0,0,0,0
2002/10/31,gu,0,0,0,0,0,0
2002/10/31,hi,0,0,0,0,0,0
2002/10/31,kn,0,0,0,0,0,0
2002/10/31,ks,0,0,0,0,0,0
2002/10/31,ml,0,0,0,0,0,0
2002/10/31,mr,0,0,0,0,0,0
2002/10/31,ne,0,0,1,0,1,0
2002/10/31,new,0,0,0,0,0,0
2002/10/31,or,0,0,0,0,0,0
2002/10/31,pa,0,0,1,0,1,0
2002/10/31,pi,0,0,0,0,0,0
2002/10/31,sa,0,0,0,0,0,0
2002/10/31,sd,0,0,0,0,0,0
2002/10/31,ta,0,0,0,0,0,0
2002/10/31,te,0,0,0,0,0,0
2002/10/31,total,0,0,3,0,2,0
2002/10/31,ur,0,0,0,0,0,0
2002/11/30,as,0,0,1,0,0,0
2002/11/30,bn,0,0,0,0,0,0
2002/11/30,bh,0,0,0,0,0,0
2002/11/30,bpy,0,0,0,0,0,0
2002/11/30,gu,0,0,0,0,0,0
2002/11/30,hi,0,0,0,0,0,0
2002/11/30,kn,0,0,0,0,0,0
2002/11/30,ks,0,0,0,0,0,0
2002/11/30,ml,0,0,0,0,0,0
2002/11/30,mr,0,0,0,0,0,0
2002/11/30,ne,0,0,1,0,1,0
2002/11/30,new,0,0,0,0,0,0
2002/11/30,or,0,0,0,0,0,0
2002/11/30,pa,0,0,1,0,1,0
2002/11/30,pi,0,0,0,0,0,0
2002/11/30,sa,0,0,0,0,0,0
2002/11/30,sd,0,0,0,0,0,0
2002/11/30,ta,0,0,0,0,0,0
2002/11/30,te,0,0,0,0,0,0
2002/11/30,total,0,0,3,0,2,0
2002/11/30,ur,0,0,0,0,0,0
2002/12/31,as,0,0,1,0,0,0
2002/12/31,bn,0,0,0,0,0,0
2002/12/31,bh,0,0,0,0,0,0
2002/12/31,bpy,0,0,0,0,0,0
2002/12/31,gu,0,0,0,0,0,0
2002/12/31,hi,0,0,0,0,0,0
2002/12/31,kn,0,0,0,0,0,0
2002/12/31,ks,0,0,0,0,0,0
2002/12/31,ml,1,2,2,0,5,0
2002/12/31,mr,0,0,0,0,0,0
2002/12/31,ne,0,0,1,0,1,0
2002/12/31,new,0,0,0,0,0,0
2002/12/31,or,0,0,0,0,0,0
2002/12/31,pa,0,0,1,0,1,0
2002/12/31,pi,0,0,0,0,0,0
2002/12/31,sa,0,0,0,0,0,0
2002/12/31,sd,0,0,0,0,0,0
2002/12/31,ta,0,0,0,0,0,0
2002/12/31,te,0,0,0,0,0,0
2002/12/31,total,1,2,5,0,7,0
2002/12/31,ur,0,0,0,0,0,0
2003/01/31,as,0,0,1,0,0,0
2003/01/31,bn,0,0,0,0,0,0
2003/01/31,bh,0,0,0,0,0,0
2003/01/31,bpy,0,0,0,0,0,0
2003/01/31,gu,0,0,0,0,0,0
2003/01/31,hi,0,0,0,0,0,0
2003/01/31,kn,0,0,0,0,0,0
2003/01/31,ks,0,0,0,0,0,0
2003/01/31,ml,0,0,2,0,5,0
2003/01/31,mr,0,0,0,0,0,0
2003/01/31,ne,0,0,1,0,1,0
2003/01/31,new,0,0,0,0,0,0
2003/01/31,or,0,0,0,0,0,0
2003/01/31,pa,0,0,1,0,1,0
2003/01/31,pi,0,0,0,0,0,0
2003/01/31,sa,0,0,0,0,0,0
2003/01/31,sd,0,0,0,0,0,0
2003/01/31,ta,0,0,0,0,0,0
2003/01/31,te,0,0,0,0,0,0
2003/01/31,total,0,0,5,0,7,0
2003/01/31,ur,0,0,0,0,0,0
2003/02/28,as,0,0,1,0,0,0
2003/02/28,bn,0,0,0,0,0,0
2003/02/28,bh,0,1,1,0,0,0
2003/02/28,bpy,0,0,0,0,0,0
2003/02/28,gu,0,0,0,0,0,0
2003/02/28,hi,0,0,0,0,0,0
2003/02/28,kn,0,0,0,0,0,0
2003/02/28,ks,0,0,0,0,0,0
2003/02/28,ml,1,0,2,0,7,0
2003/02/28,mr,0,0,0,0,0,0
2003/02/28,ne,0,0,1,0,1,0
2003/02/28,new,0,0,0,0,0,0
2003/02/28,or,0,0,0,0,0,0
2003/02/28,pa,0,0,1,0,1,0
2003/02/28,pi,0,0,0,0,0,0
2003/02/28,sa,0,0,0,0,0,0
2003/02/28,sd,0,0,0,0,0,0
2003/02/28,ta,0,0,0,0,0,0
2003/02/28,te,0,0,0,0,0,0
2003/02/28,total,1,1,6,0,9,0
2003/02/28,ur,0,0,0,0,0,0
2003/03/31,as,0,0,1,0,0,0
2003/03/31,bn,0,0,0,0,0,0
2003/03/31,bh,0,0,1,0,0,0
2003/03/31,bpy,0,0,0,0,0,0
2003/03/31,gu,0,0,0,0,0,0
2003/03/31,hi,0,0,0,0,0,0
2003/03/31,kn,0,0,0,0,0,0
2003/03/31,ks,0,0,0,0,0,0
2003/03/31,ml,0,0,2,0,7,0
2003/03/31,mr,0,0,0,0,0,0
2003/03/31,ne,0,0,1,0,1,0
2003/03/31,new,0,0,0,0,0,0
2003/03/31,or,0,0,0,0,0,0
2003/03/31,pa,0,0,1,0,1,0
2003/03/31,pi,0,0,0,0,0,0
2003/03/31,sa,0,0,0,0,0,0
2003/03/31,sd,0,0,0,0,0,0
2003/03/31,ta,0,0,0,0,0,0
2003/03/31,te,0,0,0,0,0,0
2003/03/31,total,0,0,6,0,9,0
2003/03/31,ur,0,0,0,0,0,0
2003/04/30,as,0,0,1,0,0,0
2003/04/30,bn,0,0,0,0,0,0
2003/04/30,bh,0,0,1,0,0,0
2003/04/30,bpy,0,0,0,0,0,0
2003/04/30,gu,0,0,0,0,0,0
2003/04/30,hi,0,0,0,0,0,0
2003/04/30,kn,0,0,0,0,0,0
2003/04/30,ks,0,0,0,0,0,0
2003/04/30,ml,0,0,2,0,7,0
2003/04/30,mr,0,0,0,0,0,0
2003/04/30,ne,0,0,1,0,1,0
2003/04/30,new,0,0,0,0,0,0
2003/04/30,or,0,0,0,0,0,0
2003/04/30,pa,0,0,1,0,1,0
2003/04/30,pi,0,0,0,0,0,0
2003/04/30,sa,0,0,0,0,0,0
2003/04/30,sd,0,0,0,0,0,0
2003/04/30,ta,0,0,0,0,0,0
2003/04/30,te,0,0,0,0,0,0
2003/04/30,total,0,0,6,0,9,0
2003/04/30,ur,0,0,0,0,0,0
2003/05/31,as,0,0,1,0,0,0
2003/05/31,bn,0,0,0,0,0,0
2003/05/31,bh,0,0,1,0,0,0
2003/05/31,bpy,0,0,0,0,0,0
2003/05/31,gu,0,0,0,0,0,0
2003/05/31,hi,0,0,0,0,0,0
2003/05/31,kn,0,0,0,0,0,0
2003/05/31,ks,0,0,0,0,0,0
2003/05/31,ml,2,1,3,1,28,0
2003/05/31,mr,0,1,1,0,3,0
2003/05/31,ne,0,0,1,0,1,0
2003/05/31,new,0,0,0,0,0,0
2003/05/31,or,0,0,0,0,0,0
2003/05/31,pa,0,0,1,0,1,0
2003/05/31,pi,0,0,0,0,0,0
2003/05/31,sa,0,0,0,0,0,0
2003/05/31,sd,0,0,0,0,0,0
2003/05/31,ta,0,0,0,0,0,0
2003/05/31,te,0,0,0,0,0,0
2003/05/31,total,2,2,8,1,33,0
2003/05/31,ur,0,0,0,0,0,0
2003/06/30,as,0,0,1,0,0,0
2003/06/30,bn,0,0,0,0,0,0
2003/06/30,bh,0,0,1,0,0,0
2003/06/30,bpy,0,0,0,0,0,0
2003/06/30,gu,0,0,0,0,0,0
2003/06/30,hi,0,0,0,0,0,0
2003/06/30,kn,0,1,1,0,1,0
2003/06/30,ks,0,0,0,0,0,0
2003/06/30,ml,1,0,3,0,31,0
2003/06/30,mr,0,0,1,0,3,0
2003/06/30,ne,0,0,1,0,1,0
2003/06/30,new,0,0,0,0,0,0
2003/06/30,or,0,0,0,0,0,0
2003/06/30,pa,0,0,1,0,1,0
2003/06/30,pi,0,0,0,0,0,0
2003/06/30,sa,0,0,0,0,0,0
2003/06/30,sd,0,0,0,0,0,0
2003/06/30,ta,0,0,0,0,0,0
2003/06/30,te,0,0,0,0,0,0
2003/06/30,total,1,1,9,0,37,0
2003/06/30,ur,0,0,0,0,0,0
2003/07/31,as,0,0,1,0,0,0
2003/07/31,bn,0,0,0,0,0,0
2003/07/31,bh,0,0,1,0,0,0
2003/07/31,bpy,0,0,0,0,0,0
2003/07/31,gu,0,0,0,0,0,0
2003/07/31,hi,2,3,3,0,13,0
2003/07/31,kn,0,0,1,0,1,0
2003/07/31,ks,0,1,1,0,1,0
2003/07/31,ml,0,0,3,0,31,0
2003/07/31,mr,0,0,1,0,3,0
2003/07/31,ne,0,0,1,0,1,0
2003/07/31,new,0,0,0,0,0,0
2003/07/31,or,0,0,0,0,0,0
2003/07/31,pa,0,0,1,0,1,0
2003/07/31,pi,0,0,0,0,0,0
2003/07/31,sa,0,0,0,0,0,0
2003/07/31,sd,0,0,0,0,0,0
2003/07/31,ta,0,0,0,0,0,0
2003/07/31,te,0,0,0,0,0,0
2003/07/31,total,2,4,13,0,51,0
2003/07/31,ur,0,0,0,0,0,0
2003/08/31,as,0,0,1,0,0,0
2003/08/31,bn,0,0,0,0,0,0
2003/08/31,bh,0,0,1,0,0,0
2003/08/31,bpy,0,0,0,0,0,0
2003/08/31,gu,0,0,0,0,0,0
2003/08/31,hi,2,0,3,1,43,0
2003/08/31,kn,0,0,1,0,1,0
2003/08/31,ks,0,0,1,0,1,0
2003/08/31,ml,0,0,3,0,31,0
2003/08/31,mr,0,0,1,0,3,0
2003/08/31,ne,0,0,1,0,1,0
2003/08/31,new,0,0,0,0,0,0
2003/08/31,or,0,0,0,0,0,0
2003/08/31,pa,0,0,1,0,1,0
2003/08/31,pi,0,0,0,0,0,0
2003/08/31,sa,0,0,0,0,0,0
2003/08/31,sd,0,0,0,0,0,0
2003/08/31,ta,0,0,0,0,0,0
2003/08/31,te,0,0,0,0,0,0
2003/08/31,total,2,0,13,1,81,0
2003/08/31,ur,0,0,0,0,0,0
2003/09/30,as,0,0,1,0,0,0
2003/09/30,bn,0,0,0,0,0,0
2003/09/30,bh,0,0,1,0,0,0
2003/09/30,bpy,0,0,0,0,0,0
2003/09/30,gu,0,0,0,0,0,0
2003/09/30,hi,1,0,3,0,45,0
2003/09/30,kn,0,0,1,0,1,0
2003/09/30,ks,0,0,1,0,1,0
2003/09/30,ml,1,0,3,0,31,0
2003/09/30,mr,0,0,1,0,3,0
2003/09/30,ne,0,0,1,0,1,0
2003/09/30,new,0,0,0,0,0,0
2003/09/30,or,0,0,0,0,0,0
2003/09/30,pa,0,0,1,0,1,0
2003/09/30,pi,0,0,0,0,0,0
2003/09/30,sa,0,0,0,0,0,0
2003/09/30,sd,0,0,0,0,0,0
2003/09/30,ta,0,1,1,0,1,0
2003/09/30,te,0,0,0,0,0,0
2003/09/30,total,2,1,14,0,84,0
2003/09/30,ur,0,0,0,0,0,0
2003/10/31,as,0,0,1,0,0,0
2003/10/31,bn,0,0,0,0,0,0
2003/10/31,bh,0,0,1,0,0,0
2003/10/31,bpy,0,0,0,0,0,0
2003/10/31,gu,0,0,0,0,0,0
2003/10/31,hi,0,0,3,0,45,0
2003/10/31,kn,0,0,1,0,1,0
2003/10/31,ks,0,0,1,0,1,0
2003/10/31,ml,0,0,3,0,32,0
2003/10/31,mr,0,0,1,0,4,0
2003/10/31,ne,0,0,1,0,1,0
2003/10/31,new,0,0,0,0,0,0
2003/10/31,or,0,0,0,0,0,0
2003/10/31,pa,0,0,1,0,1,0
2003/10/31,pi,0,0,0,0,0,0
2003/10/31,sa,0,0,0,0,0,0
2003/10/31,sd,0,0,0,0,0,0
2003/10/31,ta,0,0,1,0,2,0
2003/10/31,te,0,0,0,0,0,0
2003/10/31,total,0,0,14,0,87,0
2003/10/31,ur,0,0,0,0,0,0
2003/11/30,as,0,0,1,0,0,0
2003/11/30,bn,0,0,0,0,0,0
2003/11/30,bh,0,0,1,0,0,0
2003/11/30,bpy,0,0,0,0,0,0
2003/11/30,gu,0,0,0,0,0,0
2003/11/30,hi,0,0,3,0,45,0
2003/11/30,kn,0,0,1,0,1,0
2003/11/30,ks,0,0,1,0,1,0
2003/11/30,ml,0,0,3,0,32,0
2003/11/30,mr,0,0,1,0,4,0
2003/11/30,ne,0,0,1,0,1,0
2003/11/30,new,0,0,0,0,0,0
2003/11/30,or,0,0,0,0,0,0
2003/11/30,pa,0,0,1,0,1,0
2003/11/30,pi,0,0,0,0,0,0
2003/11/30,sa,0,0,0,0,0,0
2003/11/30,sd,0,0,0,0,0,0
2003/11/30,ta,3,2,3,0,10,0
2003/11/30,te,0,0,0,0,0,0
2003/11/30,total,3,2,16,0,95,0
2003/11/30,ur,0,0,0,0,0,0
2003/12/31,as,0,0,1,0,0,0
2003/12/31,bn,0,0,0,0,0,0
2003/12/31,bh,0,0,1,0,0,0
2003/12/31,bpy,0,0,0,0,0,0
2003/12/31,gu,0,1,1,0,1,0
2003/12/31,hi,0,0,3,0,47,0
2003/12/31,kn,0,0,1,0,1,0
2003/12/31,ks,0,0,1,0,1,0
2003/12/31,ml,0,0,3,0,33,0
2003/12/31,mr,0,0,1,0,4,0
2003/12/31,ne,0,0,1,0,1,0
2003/12/31,new,0,0,0,0,0,0
2003/12/31,or,0,0,0,0,0,0
2003/12/31,pa,0,0,1,0,1,0
2003/12/31,pi,0,0,0,0,0,0
2003/12/31,sa,0,1,1,0,0,0
2003/12/31,sd,0,1,1,0,0,0
2003/12/31,ta,3,1,4,2,64,0
2003/12/31,te,0,1,1,0,1,0
2003/12/31,total,3,5,21,2,154,0
2003/12/31,ur,0,0,0,0,0,0
2004/01/31,as,0,0,1,0,0,0
2004/01/31,bn,0,1,1,0,0,0
2004/01/31,bh,0,0,1,0,0,0
2004/01/31,bpy,0,0,0,0,0,0
2004/01/31,gu,0,0,1,0,1,0
2004/01/31,hi,0,0,3,0,49,0
2004/01/31,kn,0,0,1,0,1,0
2004/01/31,ks,0,0,1,0,1,0
2004/01/31,ml,0,0,3,1,56,0
2004/01/31,mr,0,0,1,0,4,0
2004/01/31,ne,0,0,1,0,1,0
2004/01/31,new,0,0,0,0,0,0
2004/01/31,or,0,0,0,0,0,0
2004/01/31,pa,0,0,1,0,1,0
2004/01/31,pi,0,0,0,0,0,0
2004/01/31,sa,0,0,1,0,0,0
2004/01/31,sd,0,0,1,0,0,0
2004/01/31,ta,2,1,5,2,127,0
2004/01/31,te,0,0,1,0,1,0
2004/01/31,total,2,3,24,3,242,0
2004/01/31,ur,0,1,1,0,0,0
2004/02/29,as,0,0,1,0,0,0
2004/02/29,bn,0,0,1,0,0,0
2004/02/29,bh,0,0,1,0,0,0
2004/02/29,bpy,0,0,0,0,0,0
2004/02/29,gu,0,0,1,0,1,0
2004/02/29,hi,1,1,4,2,103,0
2004/02/29,kn,0,0,1,0,1,0
2004/02/29,ks,0,0,1,0,1,0
2004/02/29,ml,0,0,3,0,57,0
2004/02/29,mr,0,0,1,0,4,0
2004/02/29,ne,0,0,1,0,1,0
2004/02/29,new,0,0,0,0,0,0
2004/02/29,or,0,0,0,0,0,0
2004/02/29,pa,0,0,1,0,1,0
2004/02/29,pi,0,0,0,0,0,0
2004/02/29,sa,0,0,1,0,0,0
2004/02/29,sd,0,0,1,0,0,0
2004/02/29,ta,2,0,5,2,193,0
2004/02/29,te,0,0,1,0,1,0
2004/02/29,total,3,1,25,4,363,0
2004/02/29,ur,0,0,1,0,0,0
2004/03/31,as,0,0,1,0,0,0
2004/03/31,bn,0,0,1,0,0,0
2004/03/31,bh,0,0,1,0,0,0
2004/03/31,bpy,0,0,0,0,0,0
2004/03/31,gu,0,0,1,0,1,0
2004/03/31,hi,1,0,4,0,105,0
2004/03/31,kn,0,0,1,0,1,0
2004/03/31,ks,0,0,1,0,1,0
2004/03/31,ml,0,0,3,0,57,0
2004/03/31,mr,0,0,1,0,4,0
2004/03/31,ne,0,0,1,0,1,0
2004/03/31,new,0,0,0,0,0,0
2004/03/31,or,0,0,0,0,0,0
2004/03/31,pa,1,1,2,0,1,0
2004/03/31,pi,0,0,0,0,0,0
2004/03/31,sa,0,0,1,0,1,0
2004/03/31,sd,0,0,1,0,0,0
2004/03/31,ta,1,0,5,2,267,0
2004/03/31,te,0,0,1,0,1,0
2004/03/31,total,5,2,27,2,454,0
2004/03/31,ur,2,1,2,0,14,0
2004/04/30,as,0,0,1,0,0,0
2004/04/30,bn,0,0,1,0,0,0
2004/04/30,bh,0,0,1,0,0,0
2004/04/30,bpy,0,0,0,0,0,0
2004/04/30,gu,0,0,1,0,1,0
2004/04/30,hi,0,0,4,0,105,0
2004/04/30,kn,0,0,1,0,1,0
2004/04/30,ks,0,0,1,0,1,0
2004/04/30,ml,0,0,3,0,58,0
2004/04/30,mr,0,0,1,0,4,0
2004/04/30,ne,0,0,1,0,1,0
2004/04/30,new,0,0,0,0,0,0
2004/04/30,or,0,0,0,0,0,0
2004/04/30,pa,0,0,2,0,1,0
2004/04/30,pi,0,0,0,0,0,0
2004/04/30,sa,0,0,1,0,1,0
2004/04/30,sd,0,0,1,0,0,0
2004/04/30,ta,1,0,5,1,309,0
2004/04/30,te,0,0,1,0,1,0
2004/04/30,total,6,2,29,4,586,0
2004/04/30,ur,5,2,4,3,103,0
2004/05/31,as,0,0,1,0,0,0
2004/05/31,bn,0,0,1,0,1,0
2004/05/31,bh,0,0,1,0,0,0
2004/05/31,bpy,0,0,0,0,0,0
2004/05/31,gu,0,0,1,0,1,0
2004/05/31,hi,1,0,4,0,107,0
2004/05/31,kn,0,0,1,0,1,0
2004/05/31,ks,0,0,1,0,1,0
2004/05/31,ml,0,0,3,0,69,0
2004/05/31,mr,0,0,1,0,4,0
2004/05/31,ne,0,0,1,0,1,0
2004/05/31,new,0,0,0,0,0,0
2004/05/31,or,0,0,0,0,0,0
2004/05/31,pa,0,0,2,0,1,0
2004/05/31,pi,0,0,0,0,0,0
2004/05/31,sa,0,0,1,0,1,0
2004/05/31,sd,0,0,1,0,0,0
2004/05/31,ta,1,0,5,0,321,0
2004/05/31,te,0,0,1,0,1,0
2004/05/31,total,6,2,31,1,634,0
2004/05/31,ur,4,2,6,1,125,0
2004/06/30,as,0,0,1,0,0,0
2004/06/30,bn,0,0,1,0,2,0
2004/06/30,bh,0,0,1,0,0,0
2004/06/30,bpy,0,0,0,0,0,0
2004/06/30,gu,0,0,1,0,2,0
2004/06/30,hi,1,0,4,1,123,0
2004/06/30,kn,0,0,1,0,1,0
2004/06/30,ks,0,0,1,0,1,0
2004/06/30,ml,0,0,3,0,72,0
2004/06/30,mr,0,0,1,0,5,0
2004/06/30,ne,0,0,1,0,1,0
2004/06/30,new,0,0,0,0,0,0
2004/06/30,or,0,0,0,0,0,0
2004/06/30,pa,0,0,2,0,1,0
2004/06/30,pi,0,0,0,0,0,0
2004/06/30,sa,0,0,1,2,76,0
2004/06/30,sd,0,0,1,0,0,0
2004/06/30,ta,1,0,5,1,348,0
2004/06/30,te,0,0,1,0,1,0
2004/06/30,total,4,0,31,5,778,0
2004/06/30,ur,2,0,6,1,145,0
2004/07/31,as,0,0,1,0,0,0
2004/07/31,bn,0,0,1,0,2,0
2004/07/31,bh,0,0,1,0,0,0
2004/07/31,bpy,0,0,0,0,0,0
2004/07/31,gu,1,1,2,0,6,0
2004/07/31,hi,4,1,5,0,131,0
2004/07/31,kn,0,0,1,0,3,0
2004/07/31,ks,0,0,1,0,1,0
2004/07/31,ml,0,0,3,0,76,0
2004/07/31,mr,0,0,1,0,6,0
2004/07/31,ne,0,0,1,0,1,0
2004/07/31,new,0,0,0,0,0,0
2004/07/31,or,0,0,0,0,0,0
2004/07/31,pa,0,0,2,0,1,0
2004/07/31,pi,0,0,0,0,0,0
2004/07/31,sa,1,1,2,3,177,0
2004/07/31,sd,0,0,1,0,0,0
2004/07/31,ta,3,0,5,1,373,0
2004/07/31,te,1,0,1,0,1,0
2004/07/31,total,12,4,35,4,928,0
2004/07/31,ur,2,1,7,0,150,0
2004/08/31,as,0,0,1,0,0,0
2004/08/31,bn,0,0,1,0,2,0
2004/08/31,bh,0,0,1,0,0,0
2004/08/31,bpy,0,0,0,0,0,0
2004/08/31,gu,1,1,3,0,9,0
2004/08/31,hi,3,1,6,0,138,0
2004/08/31,kn,1,0,1,0,3,0
2004/08/31,ks,0,0,1,0,1,0
2004/08/31,ml,2,1,4,0,77,0
2004/08/31,mr,0,0,1,0,7,0
2004/08/31,ne,0,0,1,0,1,0
2004/08/31,new,0,0,0,0,0,0
2004/08/31,or,0,0,0,0,0,0
2004/08/31,pa,0,0,2,0,1,0
2004/08/31,pi,0,1,1,0,0,0
2004/08/31,sa,1,1,3,0,178,0
2004/08/31,sd,0,0,1,0,0,0
2004/08/31,ta,3,1,6,0,380,0
2004/08/31,te,1,1,2,0,4,0
2004/08/31,total,13,7,42,0,952,0
2004/08/31,ur,1,0,7,0,151,0
2004/09/30,as,0,0,1,0,0,0
2004/09/30,bn,0,0,1,0,2,0
2004/09/30,bh,0,0,1,0,0,0
2004/09/30,bpy,0,0,0,0,0,0
2004/09/30,gu,2,0,3,0,13,0
2004/09/30,hi,4,0,6,0,143,0
2004/09/30,kn,2,2,3,0,9,0
2004/09/30,ks,0,0,1,0,5,0
2004/09/30,ml,2,1,5,0,88,0
2004/09/30,mr,2,2,3,1,24,0
2004/09/30,ne,0,0,1,0,1,0
2004/09/30,new,0,0,0,0,0,0
2004/09/30,or,0,0,0,0,0,0
2004/09/30,pa,0,0,2,0,1,0
2004/09/30,pi,0,0,1,0,0,0
2004/09/30,sa,1,0,3,8,418,0
2004/09/30,sd,0,0,1,0,0,0
2004/09/30,ta,1,0,6,1,397,0
2004/09/30,te,0,0,2,0,4,0
2004/09/30,total,15,5,47,10,1257,0
2004/09/30,ur,1,0,7,0,152,0
2004/10/31,as,0,0,1,0,0,0
2004/10/31,bn,0,0,1,0,3,0
2004/10/31,bh,0,0,1,0,0,0
2004/10/31,bpy,0,0,0,0,0,0
2004/10/31,gu,3,1,4,0,16,0
2004/10/31,hi,5,2,8,0,150,0
2004/10/31,kn,2,1,4,1,32,0
2004/10/31,ks,2,2,3,0,12,0
2004/10/31,ml,0,1,6,0,92,0
2004/10/31,mr,0,0,3,0,39,0
2004/10/31,ne,0,0,1,0,8,0
2004/10/31,new,0,0,0,0,0,0
2004/10/31,or,0,0,0,0,0,0
2004/10/31,pa,0,0,2,0,1,0
2004/10/31,pi,0,0,1,0,0,0
2004/10/31,sa,1,0,3,3,514,0
2004/10/31,sd,0,0,1,0,0,0
2004/10/31,ta,2,0,6,1,419,0
2004/10/31,te,0,0,2,0,5,0
2004/10/31,total,15,7,54,5,1443,0
2004/10/31,ur,0,0,7,0,152,0
2004/11/30,as,0,0,1,0,0,0
2004/11/30,bn,2,1,2,0,6,0
2004/11/30,bh,0,0,1,0,0,0
2004/11/30,bpy,0,0,0,0,0,0
2004/11/30,gu,3,1,5,0,25,0
2004/11/30,hi,4,0,8,0,160,0
2004/11/30,kn,6,2,6,3,125,0
2004/11/30,ks,1,0,3,0,13,0
2004/11/30,ml,2,0,6,0,101,0
2004/11/30,mr,2,2,5,0,43,0
2004/11/30,ne,1,1,2,0,18,0
2004/11/30,new,0,0,0,0,0,0
2004/11/30,or,0,0,0,0,0,0
2004/11/30,pa,0,0,2,0,1,0
2004/11/30,pi,0,0,1,0,0,0
2004/11/30,sa,1,0,3,0,518,0
2004/11/30,sd,0,0,1,0,0,0
2004/11/30,ta,1,0,6,1,442,0
2004/11/30,te,2,1,3,0,17,0
2004/11/30,total,26,8,62,4,1626,0
2004/11/30,ur,1,0,7,0,157,0
2004/12/31,as,0,0,1,0,0,0
2004/12/31,bn,1,0,2,0,9,0
2004/12/31,bh,0,0,1,0,0,0
2004/12/31,bpy,0,0,0,0,0,0
2004/12/31,gu,4,0,5,0,33,0
2004/12/31,hi,5,1,9,7,362,0
2004/12/31,kn,3,0,6,2,182,0
2004/12/31,ks,0,0,3,0,13,0
2004/12/31,ml,2,2,8,1,122,0
2004/12/31,mr,0,0,5,0,44,0
2004/12/31,ne,1,0,2,0,19,0
2004/12/31,new,0,0,0,0,0,0
2004/12/31,or,0,0,0,0,0,0
2004/12/31,pa,0,0,2,0,1,0
2004/12/31,pi,0,0,1,0,0,0
2004/12/31,sa,0,0,3,0,521,0
2004/12/31,sd,0,0,1,0,0,0
2004/12/31,ta,3,2,8,0,454,0
2004/12/31,te,1,0,3,1,43,0
2004/12/31,total,21,5,67,11,1962,0
2004/12/31,ur,1,0,7,0,159,0
2005/01/31,as,0,0,1,0,0,0
2005/01/31,bn,0,0,2,0,10,0
2005/01/31,bh,0,0,1,0,0,0
2005/01/31,bpy,0,0,0,0,0,0
2005/01/31,gu,2,1,6,0,38,0
2005/01/31,hi,3,0,9,14,781,0
2005/01/31,kn,2,0,6,0,191,0
2005/01/31,ks,0,0,3,0,13,0
2005/01/31,ml,0,0,8,0,122,0
2005/01/31,mr,1,1,6,2,105,0
2005/01/31,ne,0,0,2,0,20,0
2005/01/31,new,0,0,0,0,0,0
2005/01/31,or,0,0,0,0,0,0
2005/01/31,pa,0,0,2,0,1,0
2005/01/31,pi,0,0,1,0,4,0
2005/01/31,sa,0,0,3,0,521,0
2005/01/31,sd,0,0,1,0,0,0
2005/01/31,ta,0,0,8,0,456,0
2005/01/31,te,1,1,4,3,129,0
2005/01/31,total,10,3,70,19,2556,0
2005/01/31,ur,1,0,7,0,165,0
2005/02/28,as,0,0,1,0,0,0
2005/02/28,bn,1,1,3,8,242,0
2005/02/28,bh,0,0,1,0,0,0
2005/02/28,bpy,0,0,0,0,0,0
2005/02/28,gu,2,1,7,0,42,0
2005/02/28,hi,5,1,10,2,844,0
2005/02/28,kn,4,0,6,1,207,0
2005/02/28,ks,0,0,3,0,13,0
2005/02/28,ml,0,0,8,0,125,0
2005/02/28,mr,1,0,6,0,119,0
2005/02/28,ne,0,0,2,0,20,0
2005/02/28,new,0,0,0,0,0,0
2005/02/28,or,0,0,0,0,0,0
2005/02/28,pa,2,1,3,0,2,0
2005/02/28,pi,0,0,1,0,4,0
2005/02/28,sa,0,0,3,0,521,0
2005/02/28,sd,0,0,1,0,0,0
2005/02/28,ta,1,0,8,0,467,0
2005/02/28,te,0,0,4,0,130,0
2005/02/28,total,16,4,74,11,2902,0
2005/02/28,ur,0,0,7,0,166,0
2005/03/31,as,0,0,1,0,1,0
2005/03/31,bn,0,0,3,4,367,0
2005/03/31,bh,0,0,1,0,0,0
2005/03/31,bpy,0,0,0,0,0,0
2005/03/31,gu,1,0,7,1,59,0
2005/03/31,hi,3,0,10,1,867,0
2005/03/31,kn,3,2,8,1,226,0
2005/03/31,ks,0,0,3,0,13,0
2005/03/31,ml,0,0,8,0,131,0
2005/03/31,mr,2,1,7,5,268,0
2005/03/31,ne,0,0,2,0,22,0
2005/03/31,new,0,0,0,0,0,0
2005/03/31,or,0,0,0,0,0,0
2005/03/31,pa,0,0,3,0,3,0
2005/03/31,pi,0,0,1,0,4,0
2005/03/31,sa,1,1,4,0,521,0
2005/03/31,sd,0,0,1,0,0,0
2005/03/31,ta,5,3,11,1,504,0
2005/03/31,te,0,0,4,0,130,0
2005/03/31,total,15,7,81,13,3283,0
2005/03/31,ur,0,0,7,0,167,0
2005/04/30,as,0,0,1,0,1,0
2005/04/30,bn,1,0,3,0,368,0
2005/04/30,bh,0,0,1,0,0,0
2005/04/30,bpy,0,0,0,0,0,0
2005/04/30,gu,1,0,7,0,66,0
2005/04/30,hi,2,0,10,1,890,0
2005/04/30,kn,3,1,9,1,246,0
2005/04/30,ks,0,0,3,0,13,0
2005/04/30,ml,0,0,8,0,132,0
2005/04/30,mr,3,1,8,14,674,0
2005/04/30,ne,2,0,2,0,23,0
2005/04/30,new,0,0,0,0,0,0
2005/04/30,or,0,0,0,0,0,0
2005/04/30,pa,0,0,3,0,3,0
2005/04/30,pi,0,0,1,0,4,0
2005/04/30,sa,1,1,5,0,526,0
2005/04/30,sd,0,0,1,0,0,0
2005/04/30,ta,6,1,12,4,609,0
2005/04/30,te,2,2,6,0,141,0
2005/04/30,total,22,7,88,20,3876,0
2005/04/30,ur,1,1,8,0,180,0
2005/05/31,as,0,0,1,0,1,0
2005/05/31,bn,1,0,3,0,374,0
2005/05/31,bh,0,0,1,0,1,0
2005/05/31,bpy,0,0,0,0,0,0
2005/05/31,gu,3,2,9,1,93,0
2005/05/31,hi,2,0,10,2,944,0
2005/05/31,kn,4,0,9,3,337,0
2005/05/31,ks,0,0,3,0,13,0
2005/05/31,ml,0,0,8,0,133,0
2005/05/31,mr,4,0,8,15,1126,0
2005/05/31,ne,1,0,2,0,29,0
2005/05/31,new,0,0,0,0,0,0
2005/05/31,or,0,1,1,0,1,0
2005/05/31,pa,2,1,4,0,7,0
2005/05/31,pi,0,0,1,0,4,0
2005/05/31,sa,1,0,5,0,531,0
2005/05/31,sd,0,0,1,0,0,0
2005/05/31,ta,6,1,13,1,649,0
2005/05/31,te,3,1,7,2,201,0
2005/05/31,total,28,6,94,24,4627,0
2005/05/31,ur,1,0,8,0,183,0
2005/06/30,as,0,0,1,0,1,0
2005/06/30,bn,2,1,4,0,380,0
2005/06/30,bh,0,0,1,0,1,0
2005/06/30,bpy,0,0,0,0,0,0
2005/06/30,gu,3,0,9,2,144,0
2005/06/30,hi,4,4,14,0,956,0
2005/06/30,kn,6,2,11,9,604,0
2005/06/30,ks,0,0,3,0,13,0
2005/06/30,ml,0,0,8,0,139,0
2005/06/30,mr,3,0,8,3,1230,0
2005/06/30,ne,0,0,2,0,30,0
2005/06/30,new,0,0,0,0,0,0
2005/06/30,or,0,0,1,0,1,0
2005/06/30,pa,0,0,4,0,7,0
2005/06/30,pi,0,0,1,0,5,0
2005/06/30,sa,0,0,5,0,531,0
2005/06/30,sd,0,0,1,0,0,0
2005/06/30,ta,8,2,15,2,699,0
2005/06/30,te,1,0,7,7,410,0
2005/06/30,total,29,10,104,23,5338,0
2005/06/30,ur,2,1,9,0,187,0
2005/07/31,as,0,0,1,0,1,0
2005/07/31,bn,4,1,5,0,395,0
2005/07/31,bh,0,0,1,0,1,0
2005/07/31,bpy,0,0,0,0,0,0
2005/07/31,gu,2,0,9,0,144,0
2005/07/31,hi,4,0,14,0,968,0
2005/07/31,kn,5,0,11,3,687,0
2005/07/31,ks,0,0,3,0,13,0
2005/07/31,ml,1,1,9,0,143,0
2005/07/31,mr,7,5,13,5,1387,0
2005/07/31,ne,0,0,2,0,30,0
2005/07/31,new,0,0,0,0,0,0
2005/07/31,or,0,0,1,0,1,0
2005/07/31,pa,2,1,5,0,8,0
2005/07/31,pi,0,0,1,0,5,0
2005/07/31,sa,1,0,5,0,531,0
2005/07/31,sd,0,0,1,0,0,0
2005/07/31,ta,11,5,20,3,804,0
2005/07/31,te,3,0,7,6,592,0
2005/07/31,total,42,13,117,17,5908,0
2005/07/31,ur,2,0,9,0,198,0
2005/08/31,as,0,0,1,0,1,0
2005/08/31,bn,3,0,5,0,396,0
2005/08/31,bh,0,0,1,0,1,0
2005/08/31,bpy,0,0,0,0,0,0
2005/08/31,gu,2,0,9,0,144,0
2005/08/31,hi,5,0,14,0,979,0
2005/08/31,kn,3,0,11,1,703,0
2005/08/31,ks,0,0,3,0,13,0
2005/08/31,ml,1,0,9,0,158,0
2005/08/31,mr,2,0,13,1,1408,0
2005/08/31,ne,1,0,2,0,43,0
2005/08/31,new,0,0,0,0,0,0
2005/08/31,or,0,0,1,0,1,0
2005/08/31,pa,0,0,5,0,8,0
2005/08/31,pi,0,0,1,0,5,0
2005/08/31,sa,1,0,5,0,532,0
2005/08/31,sd,0,0,1,0,0,0
2005/08/31,ta,11,2,22,8,1063,0
2005/08/31,te,5,3,10,10,898,0
2005/08/31,total,36,6,123,26,6742,0
2005/08/31,ur,2,1,10,6,389,0
2005/09/30,as,0,0,1,0,1,0
2005/09/30,bn,4,0,5,0,408,0
2005/09/30,bh,0,0,1,0,1,0
2005/09/30,bpy,0,0,0,0,0,0
2005/09/30,gu,2,0,9,0,145,0
2005/09/30,hi,5,2,16,0,990,0
2005/09/30,kn,5,1,12,2,749,0
2005/09/30,ks,0,0,3,0,13,0
2005/09/30,ml,2,1,10,1,193,0
2005/09/30,mr,3,0,13,0,1416,0
2005/09/30,ne,1,0,2,0,49,0
2005/09/30,new,0,0,0,0,0,0
2005/09/30,or,0,0,1,0,1,0
2005/09/30,pa,1,0,5,0,22,0
2005/09/30,pi,0,0,1,0,5,0
2005/09/30,sa,3,1,6,0,533,0
2005/09/30,sd,0,0,1,0,0,0
2005/09/30,ta,11,3,25,8,1305,0
2005/09/30,te,7,2,12,12,1267,0
2005/09/30,total,48,12,135,24,7525,0
2005/09/30,ur,4,2,12,1,427,0
2005/10/31,as,0,0,1,0,2,0
2005/10/31,bn,2,0,5,0,412,0
2005/10/31,bh,0,0,1,0,1,0
2005/10/31,bpy,0,0,0,0,0,0
2005/10/31,gu,0,0,9,0,146,0
2005/10/31,hi,4,1,17,0,997,0
2005/10/31,kn,6,0,12,2,814,0
2005/10/31,ks,0,0,3,0,14,0
2005/10/31,ml,1,0,10,1,234,0
2005/10/31,mr,3,1,14,0,1425,0
2005/10/31,ne,1,0,2,0,52,0
2005/10/31,new,0,0,0,0,0,0
2005/10/31,or,0,0,1,0,1,0
2005/10/31,pa,3,0,5,0,24,0
2005/10/31,pi,0,0,1,0,5,0
2005/10/31,sa,1,0,6,0,534,0
2005/10/31,sd,0,0,1,0,0,0
2005/10/31,ta,12,2,27,6,1503,0
2005/10/31,te,8,3,15,5,1430,0
2005/10/31,total,47,10,145,15,8060,0
2005/10/31,ur,6,3,15,1,466,0
2005/11/30,as,0,0,1,0,2,0
2005/11/30,bn,2,0,5,0,412,0
2005/11/30,bh,0,0,1,0,2,0
2005/11/30,bpy,0,0,0,0,0,0
2005/11/30,gu,1,0,9,0,149,0
2005/11/30,hi,0,0,17,0,1006,0
2005/11/30,kn,4,1,13,1,856,0
2005/11/30,ks,0,0,3,0,14,0
2005/11/30,ml,2,1,11,1,259,0
2005/11/30,mr,3,3,17,2,1472,0
2005/11/30,ne,0,0,2,0,52,0
2005/11/30,new,0,0,0,0,0,0
2005/11/30,or,0,0,1,0,1,0
2005/11/30,pa,0,0,5,0,24,0
2005/11/30,pi,0,0,1,0,5,0
2005/11/30,sa,1,0,6,0,535,0
2005/11/30,sd,0,0,1,0,0,0
2005/11/30,ta,13,3,30,4,1608,0
2005/11/30,te,8,3,18,6,1610,0
2005/11/30,total,41,12,157,16,8542,0
2005/11/30,ur,7,1,16,2,535,0
2005/12/31,as,0,0,1,0,2,0
2005/12/31,bn,1,0,5,0,412,0
2005/12/31,bh,0,0,1,0,4,0
2005/12/31,bpy,0,0,0,0,0,0
2005/12/31,gu,2,0,9,1,191,0
2005/12/31,hi,5,0,17,1,1027,0
2005/12/31,kn,5,0,13,1,873,0
2005/12/31,ks,1,1,4,0,14,0
2005/12/31,ml,8,4,15,1,304,0
2005/12/31,mr,8,5,22,3,1562,0
2005/12/31,ne,2,0,2,0,57,0
2005/12/31,new,0,0,0,0,0,0
2005/12/31,or,0,0,1,0,1,0
2005/12/31,pa,1,0,5,0,27,0
2005/12/31,pi,0,0,1,0,5,0
2005/12/31,sa,2,1,7,0,536,0
2005/12/31,sd,0,0,1,0,2,0
2005/12/31,ta,15,2,32,4,1733,0
2005/12/31,te,12,3,21,4,1738,0
2005/12/31,total,65,16,173,16,9043,0
2005/12/31,ur,3,0,16,1,555,0
2006/01/31,as,0,0,1,0,2,0
2006/01/31,bn,2,0,5,0,418,0
2006/01/31,bh,0,0,1,0,4,0
2006/01/31,bpy,0,0,0,0,0,0
2006/01/31,gu,3,0,9,0,205,0
2006/01/31,hi,4,1,18,0,1033,0
2006/01/31,kn,5,2,15,1,903,0
2006/01/31,ks,0,0,4,0,14,0
2006/01/31,ml,11,2,17,3,392,0
2006/01/31,mr,11,3,25,12,1922,0
2006/01/31,ne,1,0,2,0,57,0
2006/01/31,new,0,0,0,0,0,0
2006/01/31,or,0,0,1,0,2,0
2006/01/31,pa,1,0,5,0,29,0
2006/01/31,pi,0,0,1,0,5,0
2006/01/31,sa,1,0,7,0,538,0
2006/01/31,sd,0,0,1,0,2,0
2006/01/31,ta,14,2,34,3,1839,0
2006/01/31,te,7,2,23,5,1884,0
2006/01/31,total,63,13,186,24,9815,0
2006/01/31,ur,3,1,17,0,566,0
2006/02/28,as,0,0,1,0,2,0
2006/02/28,bn,1,0,5,0,424,0
2006/02/28,bh,0,0,1,0,4,0
2006/02/28,bpy,0,0,0,0,0,0
2006/02/28,gu,1,0,9,0,206,0
2006/02/28,hi,9,6,24,2,1080,0
2006/02/28,kn,5,0,15,0,916,0
2006/02/28,ks,0,0,4,0,14,0
2006/02/28,ml,8,3,20,2,436,0
2006/02/28,mr,13,4,29,28,2692,0
2006/02/28,ne,0,0,2,0,58,0
2006/02/28,new,0,0,0,0,0,0
2006/02/28,or,1,0,1,0,3,0
2006/02/28,pa,0,0,5,0,30,0
2006/02/28,pi,0,0,1,0,5,0
2006/02/28,sa,2,0,7,0,541,0
2006/02/28,sd,1,1,2,1,18,0
2006/02/28,ta,12,2,36,7,2024,0
2006/02/28,te,7,1,24,10,2164,0
2006/02/28,total,64,17,203,51,11201,0
2006/02/28,ur,4,0,17,1,584,0
2006/03/31,as,0,0,1,0,4,0
2006/03/31,bn,4,2,7,2,471,0
2006/03/31,bh,0,0,1,0,4,0
2006/03/31,bpy,0,0,0,0,0,0
2006/03/31,gu,1,0,9,0,209,0
2006/03/31,hi,9,2,26,5,1238,0
2006/03/31,kn,8,5,20,3,1018,0
2006/03/31,ks,0,0,4,0,14,0
2006/03/31,ml,5,1,21,1,480,0
2006/03/31,mr,6,0,29,10,2996,0
2006/03/31,ne,0,0,2,0,58,0
2006/03/31,new,0,0,0,0,0,0
2006/03/31,or,0,0,1,0,3,0
2006/03/31,pa,0,0,5,0,32,0
2006/03/31,pi,0,0,1,0,5,0
2006/03/31,sa,1,0,7,0,544,0
2006/03/31,sd,2,0,2,0,33,0
2006/03/31,ta,15,1,37,7,2244,0
2006/03/31,te,8,2,26,1,2208,0
2006/03/31,total,63,15,218,30,12171,0
2006/03/31,ur,4,2,19,1,610,0
2006/04/30,as,0,0,1,0,4,0
2006/04/30,bn,18,13,20,23,1174,0
2006/04/30,bh,0,0,1,0,6,0
2006/04/30,bpy,0,0,0,0,0,0
2006/04/30,gu,1,0,9,0,211,0
2006/04/30,hi,8,5,31,1,1266,0
2006/04/30,kn,18,10,30,7,1238,0
2006/04/30,ks,0,0,4,0,14,0
2006/04/30,ml,3,2,23,2,534,0
2006/04/30,mr,7,1,30,23,3684,0
2006/04/30,ne,1,1,3,5,209,0
2006/04/30,new,0,0,0,0,0,0
2006/04/30,or,0,0,1,0,3,0
2006/04/30,pa,0,0,5,0,33,0
2006/04/30,pi,0,0,1,0,5,0
2006/04/30,sa,1,1,8,0,549,0
2006/04/30,sd,1,1,3,0,48,0
2006/04/30,ta,20,3,40,6,2418,0
2006/04/30,te,14,2,28,19,2769,0
2006/04/30,total,98,41,259,87,14814,0
2006/04/30,ur,6,2,21,1,649,0
2006/05/31,as,0,0,1,0,4,0
2006/05/31,bn,20,7,27,13,1569,0
2006/05/31,bh,0,0,1,0,10,0
2006/05/31,bpy,0,0,0,0,0,0
2006/05/31,gu,2,0,9,0,212,0
2006/05/31,hi,7,2,33,2,1319,0
2006/05/31,kn,14,5,35,3,1317,0
2006/05/31,ks,0,0,4,0,14,0
2006/05/31,ml,7,2,25,1,575,0
2006/05/31,mr,3,1,31,5,3834,0
2006/05/31,ne,3,1,4,1,232,0
2006/05/31,new,0,0,0,0,0,0
2006/05/31,or,0,0,1,0,3,0
2006/05/31,pa,1,0,5,0,36,0
2006/05/31,pi,0,0,1,0,9,0
2006/05/31,sa,1,1,9,0,551,0
2006/05/31,sd,1,0,3,0,56,0
2006/05/31,ta,16,1,41,7,2624,0
2006/05/31,te,8,1,29,2,2840,0
2006/05/31,total,89,21,280,36,15915,0
2006/05/31,ur,6,0,21,2,710,0
2006/06/30,as,0,0,1,0,4,0
2006/06/30,bn,24,5,32,30,2477,0
2006/06/30,bh,0,0,1,0,10,0
2006/06/30,bpy,0,0,0,0,0,0
2006/06/30,gu,1,0,9,0,214,0
2006/06/30,hi,10,3,36,3,1396,0
2006/06/30,kn,8,0,35,25,2062,0
2006/06/30,ks,0,0,4,0,14,0
2006/06/30,ml,7,2,27,2,633,0
2006/06/30,mr,10,5,36,8,4086,0
2006/06/30,ne,0,0,4,0,233,0
2006/06/30,new,1,2,2,1,44,0
2006/06/30,or,0,0,1,0,3,0
2006/06/30,pa,0,0,5,0,40,0
2006/06/30,pi,0,0,1,0,9,0
2006/06/30,sa,1,0,9,0,561,0
2006/06/30,sd,1,0,3,0,56,0
2006/06/30,ta,19,4,45,10,2928,0
2006/06/30,te,7,1,30,1,2868,0
2006/06/30,total,104,28,308,93,18731,0
2006/06/30,ur,15,6,27,13,1093,0
2006/07/31,as,0,0,1,0,4,0
2006/07/31,bn,25,6,38,29,3373,0
2006/07/31,bh,0,0,1,0,10,0
2006/07/31,bpy,0,0,0,0,0,0
2006/07/31,gu,2,0,9,0,216,0
2006/07/31,hi,14,7,43,3,1490,0
2006/07/31,kn,18,5,40,17,2574,0
2006/07/31,ks,1,1,5,0,14,0
2006/07/31,ml,12,5,32,2,692,0
2006/07/31,mr,13,4,40,11,4428,0
2006/07/31,ne,5,3,7,0,237,0
2006/07/31,new,1,0,2,0,47,0
2006/07/31,or,0,0,1,0,3,0
2006/07/31,pa,1,0,5,0,40,0
2006/07/31,pi,0,0,1,0,9,0
2006/07/31,sa,4,0,9,0,565,0
2006/07/31,sd,1,0,3,0,57,0
2006/07/31,ta,28,6,51,14,3377,0
2006/07/31,te,9,2,32,1,2907,0
2006/07/31,total,148,41,349,100,21836,0
2006/07/31,ur,14,2,29,23,1793,0
2006/08/31,as,0,0,1,0,4,0
2006/08/31,bn,40,20,58,72,5612,0
2006/08/31,bh,0,0,1,0,10,0
2006/08/31,bpy,1,2,2,1,19,0
2006/08/31,gu,2,0,9,0,219,0
2006/08/31,hi,15,5,48,4,1621,0
2006/08/31,kn,15,1,41,23,3284,0
2006/08/31,ks,0,0,5,0,14,0
2006/08/31,ml,16,2,34,6,869,0
2006/08/31,mr,14,5,45,6,4621,0
2006/08/31,ne,3,1,8,0,241,0
2006/08/31,new,2,1,3,0,50,0
2006/08/31,or,0,0,1,0,3,0
2006/08/31,pa,0,0,5,0,40,0
2006/08/31,pi,1,1,2,0,20,0
2006/08/31,sa,3,1,10,0,577,0
2006/08/31,sd,1,0,3,0,60,0
2006/08/31,ta,32,8,59,18,3938,0
2006/08/31,te,14,3,35,68,5009,0
2006/08/31,total,176,53,402,215,28526,0
2006/08/31,ur,17,3,32,17,2315,0
2006/09/30,as,0,0,1,0,6,0
2006/09/30,bn,36,5,63,128,9442,0
2006/09/30,bh,0,0,1,0,11,0
2006/09/30,bpy,0,0,2,0,19,0
2006/09/30,gu,1,0,9,0,223,0
2006/09/30,hi,13,6,54,22,2277,0
2006/09/30,kn,16,3,44,14,3698,0
2006/09/30,ks,0,0,5,0,14,0
2006/09/30,ml,17,3,37,5,1006,0
2006/09/30,mr,18,3,48,10,4933,0
2006/09/30,ne,4,0,8,5,377,0
2006/09/30,new,1,0,3,6,229,0
2006/09/30,or,0,0,1,0,3,0
2006/09/30,pa,0,0,5,0,40,0
2006/09/30,pi,0,0,2,0,22,0
2006/09/30,sa,4,0,10,0,586,0
2006/09/30,sd,2,1,4,1,78,0
2006/09/30,ta,28,4,63,15,4393,0
2006/09/30,te,16,2,37,351,15549,0
2006/09/30,total,172,32,434,579,45879,0
2006/09/30,ur,16,5,37,22,2973,0
2006/10/31,as,0,0,1,0,6,0
2006/10/31,bn,29,4,67,19,10046,0
2006/10/31,bh,0,0,1,0,13,0
2006/10/31,bpy,2,1,3,0,32,0
2006/10/31,gu,2,1,10,0,228,0
2006/10/31,hi,28,14,68,25,3038,0
2006/10/31,kn,17,4,48,4,3835,0
2006/10/31,ks,0,0,5,0,14,0
2006/10/31,ml,31,12,49,8,1265,0
2006/10/31,mr,19,5,53,11,5266,0
2006/10/31,ne,3,1,9,0,379,0
2006/10/31,new,2,0,3,74,2531,0
2006/10/31,or,0,0,1,0,4,0
2006/10/31,pa,0,0,5,0,40,0
2006/10/31,pi,0,0,2,0,23,0
2006/10/31,sa,1,0,10,0,587,0
2006/10/31,sd,2,0,4,1,97,0
2006/10/31,ta,32,4,67,19,4993,0
2006/10/31,te,20,6,43,226,22553,0
2006/10/31,total,205,58,492,403,58429,0
2006/10/31,ur,17,6,43,16,3479,0
2006/11/30,as,1,1,2,0,6,0
2006/11/30,bn,29,4,71,9,10315,0
2006/11/30,bh,0,0,1,0,16,0
2006/11/30,bpy,2,0,3,212,6396,0
2006/11/30,gu,1,0,10,0,229,0
2006/11/30,hi,24,6,74,33,4041,0
2006/11/30,kn,20,2,50,2,3907,0
2006/11/30,ks,0,0,5,0,14,0
2006/11/30,ml,22,6,55,10,1566,0
2006/11/30,mr,24,9,62,22,5941,0
2006/11/30,ne,6,2,11,0,393,0
2006/11/30,new,1,0,3,4,2642,0
2006/11/30,or,1,0,1,0,4,0
2006/11/30,pa,0,0,5,0,40,0
2006/11/30,pi,0,0,2,0,25,0
2006/11/30,sa,6,3,13,6,781,0
2006/11/30,sd,2,1,5,0,102,0
2006/11/30,ta,34,7,74,14,5421,0
2006/11/30,te,36,7,50,72,24702,0
2006/11/30,total,225,49,541,395,70354,0
2006/11/30,ur,16,1,44,11,3813,0
2006/12/31,as,3,0,2,0,16,0
2006/12/31,bn,26,2,73,7,10531,0
2006/12/31,bh,2,1,2,6,193,0
2006/12/31,bpy,6,0,3,138,10680,0
2006/12/31,gu,5,0,10,0,233,0
2006/12/31,hi,24,2,76,10,4346,0
2006/12/31,kn,17,5,55,3,4007,0
2006/12/31,ks,0,0,5,0,14,0
2006/12/31,ml,27,6,61,8,1807,0
2006/12/31,mr,23,5,67,15,6406,0
2006/12/31,ne,7,1,12,0,400,0
2006/12/31,new,2,1,4,21,3297,0
2006/12/31,or,1,0,1,0,5,0
2006/12/31,pa,4,2,7,0,49,0
2006/12/31,pi,1,0,2,5,195,0
2006/12/31,sa,7,1,14,6,964,0
2006/12/31,sd,2,0,5,0,115,0
2006/12/31,ta,27,6,80,9,5715,0
2006/12/31,te,25,6,56,37,25853,0
2006/12/31,total,234,41,582,275,78939,0
2006/12/31,ur,25,3,47,10,4113,0
2007/01/31,as,4,2,4,0,17,0
2007/01/31,bn,24,1,74,61,12408,0
2007/01/31,bh,2,0,2,0,195,0
2007/01/31,bpy,7,0,3,36,11810,0
2007/01/31,gu,3,0,10,0,236,0
2007/01/31,hi,30,6,82,52,5960,0
2007/01/31,kn,17,2,57,2,4066,0
2007/01/31,ks,0,0,5,0,14,0
2007/01/31,ml,20,4,65,5,1951,0
2007/01/31,mr,28,6,73,14,6828,0
2007/01/31,ne,8,1,13,3,495,0
2007/01/31,new,7,0,4,20,3922,0
2007/01/31,or,2,0,1,0,6,0
2007/01/31,pa,2,1,8,0,52,0
2007/01/31,pi,1,0,2,0,195,0
2007/01/31,sa,8,0,14,21,1630,0
2007/01/31,sd,2,0,5,0,117,0
2007/01/31,ta,32,4,84,27,6540,0
2007/01/31,te,21,6,62,9,26146,0
2007/01/31,total,245,36,618,268,87269,0
2007/01/31,ur,27,3,50,18,4681,0
2007/02/28,as,1,0,4,0,17,0
2007/02/28,bn,36,5,79,20,12970,0
2007/02/28,bh,1,0,2,0,196,0
2007/02/28,bpy,8,0,3,17,12299,0
2007/02/28,gu,6,1,11,1,253,0
2007/02/28,hi,40,10,92,44,7202,0
2007/02/28,kn,15,2,59,1,4101,0
2007/02/28,ks,0,0,5,0,14,0
2007/02/28,ml,21,4,69,5,2079,0
2007/02/28,mr,27,3,76,15,7245,0
2007/02/28,ne,12,3,16,2,546,0
2007/02/28,new,5,0,4,235,10493,0
2007/02/28,or,2,0,1,0,7,0
2007/02/28,pa,3,0,8,0,56,0
2007/02/28,pi,2,0,2,0,195,0
2007/02/28,sa,6,0,14,7,1831,0
2007/02/28,sd,2,0,5,0,119,0
2007/02/28,ta,31,6,90,20,7099,0
2007/02/28,te,20,7,69,8,26364,0
2007/02/28,total,263,44,662,396,98357,0
2007/02/28,ur,25,3,53,21,5271,0
2007/03/31,as,2,0,4,0,25,0
2007/03/31,bn,26,2,81,5,13137,0
2007/03/31,bh,3,0,2,13,604,0
2007/03/31,bpy,5,0,3,0,12299,0
2007/03/31,gu,7,1,12,1,272,0
2007/03/31,hi,37,6,98,80,9680,0
2007/03/31,kn,12,4,63,3,4189,0
2007/03/31,ks,0,0,5,0,14,0
2007/03/31,ml,34,7,76,7,2304,0
2007/03/31,mr,23,2,78,15,7705,0
2007/03/31,ne,9,1,17,2,605,0
2007/03/31,new,6,0,4,96,13461,0
2007/03/31,or,2,0,1,0,10,0
2007/03/31,pa,5,0,8,0,63,0
2007/03/31,pi,2,0,2,0,209,0
2007/03/31,sa,7,2,16,39,3043,0
2007/03/31,sd,6,2,7,1,139,0
2007/03/31,ta,31,6,96,51,8667,0
2007/03/31,te,24,11,80,15,26830,0
2007/03/31,total,268,49,711,341,108918,0
2007/03/31,ur,27,5,58,13,5662,0
2007/04/30,as,1,0,4,0,27,0
2007/04/30,bn,33,7,88,7,13333,0
2007/04/30,bh,1,0,2,56,2298,0
2007/04/30,bpy,8,1,4,0,12300,0
2007/04/30,gu,8,1,13,1,305,0
2007/04/30,hi,33,5,103,12,10042,0
2007/04/30,kn,12,1,64,3,4269,0
2007/04/30,ks,0,0,5,0,14,0
2007/04/30,ml,37,12,88,6,2470,0
2007/04/30,mr,20,3,81,32,8662,0
2007/04/30,ne,9,1,18,16,1096,0
2007/04/30,new,6,0,4,51,14990,0
2007/04/30,or,0,0,1,0,15,0
2007/04/30,pa,2,0,8,0,66,0
2007/04/30,pi,0,0,2,0,209,0
2007/04/30,sa,5,0,16,21,3684,0
2007/04/30,sd,2,0,7,1,162,0
2007/04/30,ta,40,9,105,44,9994,0
2007/04/30,te,22,3,83,7,27031,0
2007/04/30,total,265,48,759,267,116922,0
2007/04/30,ur,26,5,63,10,5955,0
2007/05/31,as,6,5,9,1,67,0
2007/05/31,bn,24,3,91,5,13475,0
2007/05/31,bh,1,1,3,0,2307,0
2007/05/31,bpy,10,0,4,0,12304,0
2007/05/31,gu,9,1,14,1,323,0
2007/05/31,hi,34,4,107,29,10935,0
2007/05/31,kn,16,1,65,3,4352,0
2007/05/31,ks,0,0,5,0,14,0
2007/05/31,ml,45,9,97,6,2669,0
2007/05/31,mr,25,2,83,20,9287,0
2007/05/31,ne,17,4,22,6,1276,0
2007/05/31,new,7,0,4,64,16961,0
2007/05/31,or,1,0,1,0,15,0
2007/05/31,pa,5,2,10,1,94,0
2007/05/31,pi,2,0,2,0,209,0
2007/05/31,sa,7,1,17,0,3697,0
2007/05/31,sd,1,0,7,0,163,0
2007/05/31,ta,37,7,112,18,10548,0
2007/05/31,te,33,7,90,7,27252,0
2007/05/31,total,305,49,808,169,122164,0
2007/05/31,ur,25,2,65,8,6216,0
2007/06/30,as,6,0,9,0,72,0
2007/06/30,bn,33,4,95,8,13712,0
2007/06/30,bh,0,0,3,0,2311,0
2007/06/30,bpy,11,0,4,185,17857,0
2007/06/30,gu,9,1,15,0,327,0
2007/06/30,hi,32,6,113,29,11801,0
2007/06/30,kn,13,3,68,2,4419,0
2007/06/30,ks,0,0,5,0,14,0
2007/06/30,ml,40,10,107,8,2921,0
2007/06/30,mr,24,6,89,8,9512,0
2007/06/30,ne,15,2,24,4,1410,0
2007/06/30,new,10,1,5,196,22827,0
2007/06/30,or,0,0,1,0,15,0
2007/06/30,pa,6,2,12,3,171,0
2007/06/30,pi,1,0,2,70,2306,0
2007/06/30,sa,7,0,17,0,3699,0
2007/06/30,sd,1,0,7,0,165,0
2007/06/30,ta,34,2,114,7,10747,0
2007/06/30,te,43,13,103,163,32138,0
2007/06/30,total,312,53,861,688,142788,0
2007/06/30,ur,27,3,68,5,6364,0
2007/07/31,as,1,1,10,0,72,0
2007/07/31,bn,37,8,103,4,13838,0
2007/07/31,bh,0,0,3,0,2322,0
2007/07/31,bpy,10,0,4,52,19463,0
2007/07/31,gu,5,1,16,0,328,0
2007/07/31,hi,33,9,122,13,12202,0
2007/07/31,kn,18,3,71,2,4475,0
2007/07/31,ks,0,0,5,0,14,0
2007/07/31,ml,42,8,115,11,3248,0
2007/07/31,mr,21,3,92,8,9751,0
2007/07/31,ne,10,1,25,4,1546,0
2007/07/31,new,10,1,6,106,26108,0
2007/07/31,or,0,0,1,0,15,0
2007/07/31,pa,3,0,12,1,201,0
2007/07/31,pi,0,0,2,0,2306,0
2007/07/31,sa,4,0,17,0,3702,0
2007/07/31,sd,1,0,7,0,167,0
2007/07/31,ta,25,3,117,6,10929,0
2007/07/31,te,33,8,111,37,33273,0
2007/07/31,total,275,49,910,250,150510,0
2007/07/31,ur,22,3,71,6,6550,0
2007/08/31,as,1,0,10,0,72,0
2007/08/31,bn,22,2,105,3,13946,0
2007/08/31,bh,2,0,3,0,2324,0
2007/08/31,bpy,12,0,4,45,20846,0
2007/08/31,gu,6,1,17,0,331,0
2007/08/31,hi,43,8,130,22,12882,0
2007/08/31,kn,17,0,71,1,4521,0
2007/08/31,ks,0,0,5,0,14,0
2007/08/31,ml,41,6,121,10,3562,0
2007/08/31,mr,28,6,98,42,11056,0
2007/08/31,ne,10,3,28,3,1648,0
2007/08/31,new,11,0,6,75,28419,0
2007/08/31,or,2,1,2,16,512,0
2007/08/31,pa,3,0,12,0,202,0
2007/08/31,pi,1,0,2,0,2306,0
2007/08/31,sa,7,0,17,0,3702,0
2007/08/31,sd,2,0,7,0,170,0
2007/08/31,ta,37,2,119,10,11241,0
2007/08/31,te,30,6,117,85,35922,0
2007/08/31,total,301,37,947,317,160375,0
2007/08/31,ur,26,2,73,5,6699,0
2007/09/30,as,2,0,10,0,72,0
2007/09/30,bn,29,4,109,5,14109,0
2007/09/30,bh,5,1,4,1,2341,0
2007/09/30,bpy,9,0,4,0,20847,0
2007/09/30,gu,7,1,18,0,344,0
2007/09/30,hi,34,4,134,15,13325,0
2007/09/30,kn,17,1,72,6,4691,0
2007/09/30,ks,1,0,5,0,14,0
2007/09/30,ml,87,34,155,18,4090,0
2007/09/30,mr,28,4,102,47,12457,0
2007/09/30,ne,16,3,31,11,1972,0
2007/09/30,new,10,1,7,147,32833,0
2007/09/30,or,4,0,2,0,512,0
2007/09/30,pa,4,0,12,0,203,0
2007/09/30,pi,5,0,2,0,2307,0
2007/09/30,sa,7,0,17,0,3704,0
2007/09/30,sd,3,1,8,2,225,0
2007/09/30,ta,42,5,124,11,11577,0
2007/09/30,te,37,5,122,27,36721,0
2007/09/30,total,371,67,1014,294,169169,0
2007/09/30,ur,24,3,76,4,6825,0
2007/10/31,as,4,0,10,0,75,0
2007/10/31,bn,33,8,117,6,14300,0
2007/10/31,bh,6,0,4,0,2342,0
2007/10/31,bpy,14,0,4,41,22111,0
2007/10/31,gu,11,0,18,2,394,0
2007/10/31,hi,37,8,142,17,13843,0
2007/10/31,kn,21,2,74,3,4769,0
2007/10/31,ks,0,0,5,0,14,0
2007/10/31,ml,61,8,163,10,4386,0
2007/10/31,mr,33,4,106,21,13111,0
2007/10/31,ne,14,2,33,2,2033,0
2007/10/31,new,13,1,8,84,35444,0
2007/10/31,or,4,0,2,0,513,0
2007/10/31,pa,8,0,12,0,212,0
2007/10/31,pi,6,0,2,0,2307,0
2007/10/31,sa,7,0,17,0,3705,0
2007/10/31,sd,4,0,8,0,231,0
2007/10/31,ta,45,6,130,7,11795,0
2007/10/31,te,41,7,129,16,37214,0
2007/10/31,total,385,46,1060,213,175736,0
2007/10/31,ur,23,0,76,4,6937,0
2007/11/30,as,3,0,10,0,78,0
2007/11/30,bn,35,4,121,6,14476,0
2007/11/30,bh,7,0,4,0,2343,0
2007/11/30,bpy,13,0,4,0,22112,0
2007/11/30,gu,9,2,20,0,407,0
2007/11/30,hi,39,5,147,24,14556,0
2007/11/30,kn,23,2,76,3,4847,0
2007/11/30,ks,0,0,5,0,14,0
2007/11/30,ml,53,12,175,10,4673,0
2007/11/30,mr,29,2,108,17,13612,0
2007/11/30,ne,16,2,35,5,2196,0
2007/11/30,new,13,0,8,86,38032,0
2007/11/30,or,7,0,2,0,513,0
2007/11/30,pa,6,0,12,0,221,0
2007/11/30,pi,7,0,2,0,2307,0
2007/11/30,sa,7,0,17,0,3706,0
2007/11/30,sd,5,0,8,0,243,0
2007/11/30,ta,42,4,134,9,12076,0
2007/11/30,te,38,6,135,13,37604,0
2007/11/30,total,378,41,1101,175,181015,0
2007/11/30,ur,26,2,78,2,6999,0
2007/12/31,as,3,0,10,0,78,0
2007/12/31,bn,39,2,123,4,14614,0
2007/12/31,bh,5,1,5,1,2379,0
2007/12/31,bpy,13,0,4,0,22112,0
2007/12/31,gu,14,2,22,1,423,0
2007/12/31,hi,43,5,152,14,14988,0
2007/12/31,kn,20,2,78,4,4969,0
2007/12/31,ks,0,0,5,0,14,0
2007/12/31,ml,54,7,182,9,4957,0
2007/12/31,mr,32,3,111,39,14820,0
2007/12/31,ne,17,1,36,10,2505,0
2007/12/31,new,9,0,8,67,40104,0
2007/12/31,or,5,0,2,0,514,0
2007/12/31,pa,7,1,13,0,224,0
2007/12/31,pi,6,0,2,0,2307,0
2007/12/31,sa,8,0,17,0,3709,0
2007/12/31,sd,5,0,8,2,297,0
2007/12/31,ta,34,3,137,7,12284,0
2007/12/31,te,38,7,142,10,37927,0
2007/12/31,total,376,35,1136,171,186320,0
2007/12/31,ur,24,1,79,3,7095,0
2008/01/31,as,6,2,12,0,79,51343
2008/01/31,bn,48,9,132,9,14897,1764334
2008/01/31,bh,9,0,5,0,2388,239068
2008/01/31,bpy,17,2,6,2,22186,1277667
2008/01/31,gu,13,3,25,0,435,166667
2008/01/31,hi,45,9,161,23,15701,1757994
2008/01/31,kn,25,2,80,4,5086,598078
2008/01/31,ks,0,0,5,0,14,90912
2008/01/31,ml,69,13,195,12,5337,904289
2008/01/31,mr,32,2,113,19,15412,1349153
2008/01/31,ne,17,1,37,3,2585,139310
2008/01/31,new,15,1,9,22,40801,996498
2008/01/31,or,5,0,2,0,514,50461
2008/01/31,pa,8,1,14,1,252,105278
2008/01/31,pi,9,0,2,0,2308,226043
2008/01/31,sa,10,1,18,0,3716,174429
2008/01/31,sd,6,2,10,0,308,108008
2008/01/31,ta,42,5,142,10,12593,1439936
2008/01/31,te,41,3,145,9,38203,1875166
2008/01/31,total,449,59,1195,118,190039,14020377
2008/01/31,ur,32,3,82,4,7224,705743
2008/02/29,as,4,1,13,0,83,52621
2008/02/29,bn,35,2,134,6,15060,1432087
2008/02/29,bh,4,0,5,0,2392,144905
2008/02/29,bpy,15,0,6,39,23317,988108
2008/02/29,gu,12,4,29,1,467,143000
2008/02/29,hi,47,6,167,21,16324,1362171
2008/02/29,kn,23,2,82,4,5200,427755
2008/02/29,ks,1,0,5,0,15,86421
2008/02/29,ml,63,8,203,7,5534,706008
2008/02/29,mr,31,2,115,17,15891,1333035
2008/02/29,ne,13,0,37,1,2614,120090
2008/02/29,new,10,0,9,7,40994,792345
2008/02/29,or,3,0,2,0,527,50767
2008/02/29,pa,6,0,14,0,254,89349
2008/02/29,pi,6,0,2,0,2308,124598
2008/02/29,sa,8,0,18,0,3720,207541
2008/02/29,sd,6,1,11,0,314,46426
2008/02/29,ta,39,3,145,11,12900,1151733
2008/02/29,te,115,46,191,21,38810,1600688
2008/02/29,total,470,78,1273,143,194176,11421630
2008/02/29,ur,29,3,85,8,7452,561982
2008/03/31,as,3,0,13,0,83,45946
2008/03/31,bn,46,8,142,6,15258,1732195
2008/03/31,bh,5,0,5,0,2394,243350
2008/03/31,bpy,16,0,6,0,23318,1236680
2008/03/31,gu,12,1,30,1,509,123389
2008/03/31,hi,41,6,173,20,16938,1820954
2008/03/31,kn,19,2,84,4,5317,650647
2008/03/31,ks,0,0,5,0,15,75016
2008/03/31,ml,60,8,211,5,5699,894371
2008/03/31,mr,33,2,117,14,16332,1552256
2008/03/31,ne,10,1,38,0,2625,183883
2008/03/31,new,13,0,9,20,41603,1101383
2008/03/31,or,3,1,3,0,528,43331
2008/03/31,pa,5,1,15,0,262,94905
2008/03/31,pi,6,0,2,0,2308,179131
2008/03/31,sa,9,0,18,0,3720,243740
2008/03/31,sd,4,0,11,0,317,42080
2008/03/31,ta,44,4,149,13,13292,2714556
2008/03/31,te,62,12,203,16,39297,2108564
2008/03/31,total,417,48,1321,111,197649,15646208
2008/03/31,ur,26,2,87,12,7834,559831
2008/04/30,as,3,0,13,0,84,58752
2008/04/30,bn,43,3,145,7,15463,1981687
2008/04/30,bh,9,0,5,0,2394,162452
2008/04/30,bpy,19,1,7,1,23359,1756272
2008/04/30,gu,13,2,32,2,558,143320
2008/04/30,hi,40,2,175,36,18025,2226164
2008/04/30,kn,26,4,88,3,5413,642831
2008/04/30,ks,0,0,5,0,15,86629
2008/04/30,ml,57,8,219,7,5895,1134600
2008/04/30,mr,30,3,120,9,16616,1649732
2008/04/30,ne,12,1,39,2,2696,140999
2008/04/30,new,16,0,9,4,41729,1481030
2008/04/30,or,5,0,3,0,528,45142
2008/04/30,pa,4,0,15,0,264,119231
2008/04/30,pi,9,0,2,0,2308,141629
2008/04/30,sa,11,0,18,0,3728,197141
2008/04/30,sd,4,0,11,0,318,193052
2008/04/30,ta,45,7,156,10,13577,3207577
2008/04/30,te,50,8,211,10,39593,2245028
2008/04/30,total,425,42,1363,95,200530,18323754
2008/04/30,ur,29,3,90,4,7967,710486
2008/05/31,as,6,0,13,0,86,50228
2008/05/31,bn,40,6,151,7,15666,2082838
2008/05/31,bh,9,0,5,0,2398,131212
2008/05/31,bpy,19,0,7,1,23398,1982603
2008/05/31,gu,18,4,36,16,1048,136581
2008/05/31,hi,44,6,181,57,19795,1992144
2008/05/31,kn,25,3,91,3,5508,458810
2008/05/31,ks,0,0,5,0,16,89036
2008/05/31,ml,71,12,231,8,6148,1370278
2008/05/31,mr,32,2,122,17,17151,1797412
2008/05/31,ne,15,2,41,1,2740,127739
2008/05/31,new,17,0,9,11,42057,1686856
2008/05/31,or,6,0,3,0,528,38100
2008/05/31,pa,7,0,15,0,266,147591
2008/05/31,pi,8,0,2,0,2308,130307
2008/05/31,sa,11,0,18,0,3731,188142
2008/05/31,sd,6,0,11,0,318,129375
2008/05/31,ta,50,10,166,10,13879,1443432
2008/05/31,te,57,8,219,10,39889,2434150
2008/05/31,total,474,60,1423,144,204991,17202493
2008/05/31,ur,33,7,97,3,8061,785659
2008/06/30,as,6,0,13,0,88,66465
2008/06/30,bn,33,3,154,5,15824,2004510
2008/06/30,bh,10,1,6,0,2402,124517
2008/06/30,bpy,24,0,7,1,23419,1825171
2008/06/30,gu,18,2,38,8,1300,147850
2008/06/30,hi,43,6,187,12,20158,1974777
2008/06/30,kn,30,2,93,3,5606,508090
2008/06/30,ks,0,0,5,0,16,60200
2008/06/30,ml,69,10,241,14,6568,1199081
2008/06/30,mr,37,5,127,13,17549,1625324
2008/06/30,ne,16,4,45,1,2764,114474
2008/06/30,new,19,0,9,5,42203,1575792
2008/06/30,or,5,0,3,0,528,43477
2008/06/30,pa,7,1,16,1,286,145084
2008/06/30,pi,9,0,2,0,2309,104494
2008/06/30,sa,16,0,18,0,3733,197426
2008/06/30,sd,5,0,11,0,318,49292
2008/06/30,ta,45,4,170,13,14282,1448222
2008/06/30,te,49,7,226,11,40209,2080643
2008/06/30,total,467,46,1469,90,207720,15881978
2008/06/30,ur,26,1,98,3,8158,587089
2008/07/31,as,7,0,13,0,91,56155
2008/07/31,bn,39,7,161,8,16060,1710712
2008/07/31,bh,8,0,6,0,2402,107868
2008/07/31,bpy,20,2,9,0,23426,1459844
2008/07/31,gu,16,0,38,14,1738,154437
2008/07/31,hi,40,6,193,13,20550,2122342
2008/07/31,kn,24,3,96,5,5768,467849
2008/07/31,ks,1,0,5,0,16,52892
2008/07/31,ml,66,8,249,10,6869,1087039
2008/07/31,mr,28,3,130,28,18429,1415983
2008/07/31,ne,12,1,46,1,2788,108495
2008/07/31,new,16,0,9,0,42206,1322946
2008/07/31,or,5,0,3,0,528,31564
2008/07/31,pa,11,0,16,1,308,139994
2008/07/31,pi,8,0,2,0,2309,144256
2008/07/31,sa,13,1,19,0,3734,181531
2008/07/31,sd,6,0,11,0,321,42236
2008/07/31,ta,38,6,176,12,14658,1395041
2008/07/31,te,39,2,228,14,40633,1722930
2008/07/31,total,431,43,1512,110,211120,14263343
2008/07/31,ur,34,4,102,4,8286,539229
2008/08/31,as,5,0,13,0,93,52838
2008/08/31,bn,39,5,166,9,16333,1656420
2008/08/31,bh,4,0,6,0,2402,109547
2008/08/31,bpy,29,0,9,0,23434,1341542
2008/08/31,gu,22,3,41,21,2393,179257
2008/08/31,hi,50,5,198,13,20964,2183872
2008/08/31,kn,26,2,98,2,5843,493240
2008/08/31,ks,1,0,5,0,16,51268
2008/08/31,ml,68,9,258,13,7262,1155820
2008/08/31,mr,28,1,131,16,18931,1351310
2008/08/31,ne,10,0,46,0,2793,137511
2008/08/31,new,20,0,9,1,42251,1289067
2008/08/31,or,3,0,3,0,528,33858
2008/08/31,pa,10,0,16,1,350,140602
2008/08/31,pi,6,0,2,0,2312,86869
2008/08/31,sa,12,0,19,0,3735,191975
2008/08/31,sd,4,0,11,0,321,37585
2008/08/31,ta,48,4,180,14,15086,1449088
2008/08/31,te,42,6,234,7,40841,1706024
2008/08/31,total,460,39,1551,109,214549,14309232
2008/08/31,ur,33,4,106,12,8661,661539
2008/09/30,as,4,0,13,0,96,53028
2008/09/30,bn,38,3,169,3,16428,1507405
2008/09/30,bh,6,0,6,0,2403,86012
2008/09/30,bpy,28,1,10,0,23438,1221913
2008/09/30,gu,22,3,44,3,2492,223942
2008/09/30,hi,50,4,202,14,21393,2212976
2008/09/30,kn,25,2,100,4,5969,532268
2008/09/30,ks,1,0,5,0,16,39218
2008/09/30,ml,68,5,263,13,7663,1379851
2008/09/30,mr,34,4,135,12,19303,1276381
2008/09/30,ne,13,0,46,0,2806,88666
2008/09/30,new,19,0,9,38,43387,1124033
2008/09/30,or,4,0,3,0,528,24410
2008/09/30,pa,10,0,16,0,359,94444
2008/09/30,pi,8,0,2,0,2313,73528
2008/09/30,sa,13,0,19,0,3737,140135
2008/09/30,sd,3,0,11,0,323,32411
2008/09/30,ta,49,6,186,12,15436,1702059
2008/09/30,te,42,7,241,8,41068,1696248
2008/09/30,total,471,38,1589,119,218170,14149690
2008/09/30,ur,34,3,109,12,9012,640762
2008/10/31,as,5,0,13,0,97,81368
2008/10/31,bn,41,9,178,5,16584,1680118
2008/10/31,bh,9,0,6,0,2404,92634
2008/10/31,bpy,30,1,11,0,23440,1380827
2008/10/31,gu,17,1,45,2,2561,231880
2008/10/31,hi,62,5,207,22,22064,2352205
2008/10/31,kn,30,1,101,3,6052,624660
2008/10/31,ks,0,0,5,0,16,56154
2008/10/31,ml,79,11,274,11,8008,1268634
2008/10/31,mr,37,4,139,17,19826,1406073
2008/10/31,ne,12,2,48,1,2824,102013
2008/10/31,new,22,0,9,0,43398,1255474
2008/10/31,or,5,0,3,0,529,29089
2008/10/31,pa,8,0,16,0,371,187011
2008/10/31,pi,11,0,2,0,2313,78591
2008/10/31,sa,18,0,19,0,3738,161214
2008/10/31,sd,3,0,11,0,324,38976
2008/10/31,ta,42,5,191,11,15772,1754304
2008/10/31,te,44,5,246,6,41250,1817968
2008/10/31,total,504,45,1634,90,220963,15248051
2008/10/31,ur,29,1,110,12,9392,648858
2008/11/30,as,4,0,13,0,100,76458
2008/11/30,bn,40,2,180,14,17006,1695821
2008/11/30,bh,3,0,6,0,2409,100950
2008/11/30,bpy,22,0,11,0,23440,1397102
2008/11/30,gu,25,0,45,2,2607,190523
2008/11/30,hi,62,11,218,58,23817,2120843
2008/11/30,kn,29,2,103,3,6136,524268
2008/11/30,ks,0,0,5,0,16,52747
2008/11/30,ml,67,5,279,7,8222,1108036
2008/11/30,mr,33,3,142,13,20221,1337007
2008/11/30,ne,14,0,48,0,2832,102050
2008/11/30,new,22,0,9,16,43881,1111524
2008/11/30,or,2,0,3,0,533,32189
2008/11/30,pa,11,0,16,0,374,122886
2008/11/30,pi,4,0,2,0,2314,73521
2008/11/30,sa,19,1,20,0,3740,149321
2008/11/30,sd,4,0,11,0,325,40344
2008/11/30,ta,47,6,197,11,16092,1627622
2008/11/30,te,34,0,246,7,41447,1458182
2008/11/30,total,476,33,1667,143,225270,13871060
2008/11/30,ur,34,3,113,12,9758,549666
2008/12/31,as,2,0,13,0,100,75297
2008/12/31,bn,38,2,182,8,17258,1938081
2008/12/31,bh,6,1,7,0,2411,94951
2008/12/31,bpy,28,0,11,0,23446,1404392
2008/12/31,gu,22,2,47,1,2625,258223
2008/12/31,hi,54,5,223,18,24386,2413777
2008/12/31,kn,30,2,105,3,6222,566095
2008/12/31,ks,1,0,5,0,16,59137
2008/12/31,ml,68,5,284,9,8510,1243824
2008/12/31,mr,37,2,144,10,20539,1402856
2008/12/31,ne,12,1,49,1,2848,134288
2008/12/31,new,20,0,9,42,45174,1361189
2008/12/31,or,1,0,3,0,533,31579
2008/12/31,pa,10,0,16,0,381,115725
2008/12/31,pi,7,0,2,0,2314,79962
2008/12/31,sa,15,0,20,0,3742,163997
2008/12/31,sd,3,0,11,0,325,58748
2008/12/31,ta,45,8,205,11,16442,1846129
2008/12/31,te,47,6,252,12,41810,1957949
2008/12/31,total,481,37,1704,124,229119,15782787
2008/12/31,ur,35,3,116,9,10037,576588
2009/01/31,as,2,0,13,0,100,75359
2009/01/31,bn,40,4,186,7,17466,2269294
2009/01/31,bh,9,0,7,0,2413,111401
2009/01/31,bpy,29,0,11,0,23452,1744794
2009/01/31,gu,28,0,47,1,2649,239194
2009/01/31,hi,59,8,231,13,24792,2519119
2009/01/31,kn,29,3,108,2,6278,605222
2009/01/31,ks,1,0,5,0,16,55553
2009/01/31,ml,65,5,289,11,8850,1143912
2009/01/31,mr,33,2,146,25,21300,1474468
2009/01/31,ne,13,0,49,0,2859,108025
2009/01/31,new,23,0,9,3,45255,1340490
2009/01/31,or,7,0,3,0,533,31484
2009/01/31,pa,15,0,16,0,386,89147
2009/01/31,pi,9,0,2,0,2314,74347
2009/01/31,sa,22,1,21,0,3744,142192
2009/01/31,sd,6,0,11,0,332,53952
2009/01/31,ta,45,6,211,9,16708,1748939
2009/01/31,te,54,7,259,10,42118,1683231
2009/01/31,total,522,37,1741,90,231888,16091909
2009/01/31,ur,33,1,117,9,10323,581786
2009/02/28,as,4,1,14,0,101,59818
2009/02/28,bn,49,7,193,6,17635,1875228
2009/02/28,bh,9,0,7,0,2414,77773
2009/02/28,bpy,28,0,11,0,23452,1404835
2009/02/28,gu,26,0,47,3,2729,176878
2009/02/28,hi,65,6,237,48,26139,2107890
2009/02/28,kn,31,3,111,2,6340,446789
2009/02/28,ks,2,0,5,0,16,42035
2009/02/28,ml,64,6,295,7,9043,968911
2009/02/28,mr,32,4,150,11,21617,1313209
2009/02/28,ne,13,2,51,0,2872,100393
2009/02/28,new,24,1,10,60,46922,1088865
2009/02/28,or,5,0,3,0,533,25684
2009/02/28,pa,14,0,16,1,414,71171
2009/02/28,pi,9,0,2,0,2314,58599
2009/02/28,sa,20,0,21,0,3744,158852
2009/02/28,sd,7,0,11,0,334,44491
2009/02/28,ta,48,4,215,12,17050,1363677
2009/02/28,te,38,3,262,8,42333,1881129
2009/02/28,total,515,39,1780,164,236500,13801086
2009/02/28,ur,27,2,119,6,10498,534859
2009/03/31,as,7,0,14,0,104,83473
2009/03/31,bn,44,5,198,4,17749,2571912
2009/03/31,bh,12,0,7,0,2415,99054
2009/03/31,bpy,29,0,11,0,23453,1841739
2009/03/31,gu,25,0,47,19,3323,261766
2009/03/31,hi,61,10,247,90,28934,2326860
2009/03/31,kn,36,2,113,2,6399,635946
2009/03/31,ks,0,0,5,0,16,48971
2009/03/31,ml,69,6,301,7,9258,1396649
2009/03/31,mr,31,3,153,12,21980,1808491
2009/03/31,ne,13,1,52,0,2877,115190
2009/03/31,new,25,0,10,46,48360,1482067
2009/03/31,or,5,0,3,0,533,34160
2009/03/31,pa,20,0,16,12,791,96844
2009/03/31,pi,9,0,2,0,2314,74521
2009/03/31,sa,23,1,22,0,3746,230593
2009/03/31,sd,7,0,11,0,335,56297
2009/03/31,ta,55,9,224,16,17546,1875408
2009/03/31,te,44,5,267,7,42536,2146811
2009/03/31,total,548,46,1826,223,243414,17907697
2009/03/31,ur,33,4,123,8,10745,720945
2009/04/30,as,1,0,14,0,105,64088
2009/04/30,bn,38,5,203,3,17846,1521019
2009/04/30,bh,14,0,7,0,2416,97059
2009/04/30,bpy,30,0,11,0,23453,1029813
2009/04/30,gu,28,2,49,60,5138,231602
2009/04/30,hi,67,8,255,38,30088,2200941
2009/04/30,kn,37,2,115,3,6482,479224
2009/04/30,ks,1,0,5,0,18,45848
2009/04/30,ml,78,10,311,9,9538,1092423
2009/04/30,mr,39,3,156,6,22165,1354905
2009/04/30,ne,11,2,54,0,2881,119520
2009/04/30,new,25,0,10,74,50577,898445
2009/04/30,or,4,0,3,0,533,31907
2009/04/30,pa,17,1,17,11,1118,111164
2009/04/30,pi,8,0,2,0,2314,73111
2009/04/30,sa,17,0,22,0,3746,215252
2009/04/30,sd,5,0,11,0,337,40973
2009/04/30,ta,64,13,237,15,17996,1514584
2009/04/30,te,46,3,270,8,42782,1442099
2009/04/30,total,571,53,1879,233,250446,13167370
2009/04/30,ur,41,4,127,6,10913,603393
2009/05/31,as,3,1,15,0,106,59039
2009/05/31,bn,51,8,211,5,17988,1466029
2009/05/31,bh,13,0,7,0,2417,86637
2009/05/31,bpy,25,0,11,0,23453,981733
2009/05/31,gu,25,0,49,27,5970,229719
2009/05/31,hi,70,12,267,108,33438,2404256
2009/05/31,kn,32,3,118,2,6531,444042
2009/05/31,ks,1,0,5,0,18,44431
2009/05/31,ml,83,8,319,16,10037,1083584
2009/05/31,mr,47,6,162,9,22436,1325443
2009/05/31,ne,13,0,54,0,2893,120145
2009/05/31,new,24,0,10,52,52204,930394
2009/05/31,or,7,0,3,0,533,31529
2009/05/31,pa,18,0,17,9,1382,105883
2009/05/31,pi,8,0,2,0,2314,61434
2009/05/31,sa,18,0,22,0,3747,210884
2009/05/31,sd,5,0,11,0,340,49905
2009/05/31,ta,61,8,245,7,18213,1371216
2009/05/31,te,45,6,276,8,43044,1410038
2009/05/31,total,587,60,1939,248,258135,13013706
2009/05/31,ur,38,8,135,5,11071,597365
2009/06/30,as,8,0,15,1,124,84186
2009/06/30,bn,54,8,219,10,18298,1734206
2009/06/30,bh,11,0,7,0,2419,98418
2009/06/30,bpy,25,0,11,0,23454,1132420
2009/06/30,gu,26,1,50,21,6588,305216
2009/06/30,hi,68,15,282,21,34061,2995149
2009/06/30,kn,26,0,118,4,6652,465153
2009/06/30,ks,1,0,5,0,18,45233
2009/06/30,ml,97,16,335,9,10320,1624755
2009/06/30,mr,41,5,167,8,22668,1397988
2009/06/30,ne,18,1,55,0,2906,123406
2009/06/30,new,24,0,10,48,53630,1022357
2009/06/30,or,8,0,3,0,533,40973
2009/06/30,pa,15,0,17,0,1386,118858
2009/06/30,pi,7,0,2,0,2314,74259
2009/06/30,sa,18,0,22,0,3750,220924
2009/06/30,sd,5,0,11,0,340,55555
2009/06/30,ta,67,10,255,12,18570,1625082
2009/06/30,te,54,7,283,12,43406,1435928
2009/06/30,total,609,66,2005,149,262591,15335944
2009/06/30,ur,36,3,138,3,11154,735878
2009/07/31,as,7,1,16,0,135,61769
2009/07/31,bn,62,7,226,3,18404,1804817
2009/07/31,bh,14,1,8,0,2422,89518
2009/07/31,bpy,29,1,12,0,23454,1073661
2009/07/31,gu,25,2,52,25,7378,321863
2009/07/31,hi,68,8,290,38,35249,3296851
2009/07/31,kn,36,5,123,5,6817,472943
2009/07/31,ks,1,0,5,0,18,36260
2009/07/31,ml,90,7,342,8,10562,1566902
2009/07/31,mr,40,4,171,7,22882,1926909
2009/07/31,ne,12,0,55,0,2912,108272
2009/07/31,new,28,1,11,39,54839,1015894
2009/07/31,or,8,0,3,0,534,36184
2009/07/31,pa,15,1,18,0,1386,98388
2009/07/31,pi,10,0,2,0,2314,74698
2009/07/31,sa,24,2,24,0,3752,232190
2009/07/31,sd,5,0,11,0,340,54797
2009/07/31,ta,67,4,259,8,18828,1758200
2009/07/31,te,50,7,290,6,43595,1566376
2009/07/31,total,630,53,2058,144,267129,16317154
2009/07/31,ur,39,2,140,5,11308,720662
2009/08/31,as,6,0,16,0,142,66080
2009/08/31,bn,59,11,237,7,18617,2070579
2009/08/31,bh,8,0,8,0,2423,104800
2009/08/31,bpy,32,0,12,0,23455,1315673
2009/08/31,gu,38,6,58,33,8396,387866
2009/08/31,hi,72,11,301,180,40815,4322851
2009/08/31,kn,47,5,128,5,6977,620332
2009/08/31,ks,1,0,5,0,18,40093
2009/08/31,ml,109,21,363,10,10876,1793994
2009/08/31,mr,46,4,175,20,23499,2046485
2009/08/31,ne,29,2,57,1,2946,128143
2009/08/31,new,26,0,11,0,54849,1312880
2009/08/31,or,5,0,3,0,536,37767
2009/08/31,pa,11,0,18,0,1389,110997
2009/08/31,pi,8,0,2,0,2315,81409
2009/08/31,sa,24,0,24,0,3752,231425
2009/08/31,sd,7,1,12,0,341,58106
2009/08/31,ta,75,10,269,9,19104,1952741
2009/08/31,te,55,3,293,4,43715,1854477
2009/08/31,total,701,75,2133,274,275627,19351141
2009/08/31,ur,43,1,141,5,11462,814443
2009/09/30,as,3,0,16,0,142,61554
2009/09/30,bn,53,4,241,5,18761,2080503
2009/09/30,bh,11,0,8,0,2424,81582
2009/09/30,bpy,27,1,13,0,23455,1271392
2009/09/30,gu,27,0,58,37,9498,354080
2009/09/30,hi,86,17,318,376,52109,4648245
2009/09/30,kn,39,3,131,8,7204,651773
2009/09/30,ks,1,0,5,0,18,45659
2009/09/30,ml,88,8,371,8,11131,2138697
2009/09/30,mr,47,10,185,21,24135,2025983
2009/09/30,ne,15,1,58,1,2973,122260
2009/09/30,new,23,1,12,14,55269,1344657
2009/09/30,or,6,1,4,0,539,30083
2009/09/30,pa,9,1,19,1,1420,99907
2009/09/30,pi,10,1,3,0,2315,130555
2009/09/30,sa,17,1,25,0,3752,193513
2009/09/30,sd,4,0,12,0,343,47522
2009/09/30,ta,70,8,277,9,19360,1863130
2009/09/30,te,53,4,297,4,43842,2379958
2009/09/30,total,631,62,2195,487,290230,20371507
2009/09/30,ur,42,1,142,3,11540,800454
2009/10/31,as,6,0,16,0,144,75216
2009/10/31,bn,59,11,252,6,18946,2585947
2009/10/31,bh,7,0,8,0,2424,105763
2009/10/31,bpy,26,0,13,0,23459,1593952
2009/10/31,gu,32,1,59,29,10403,525767
2009/10/31,hi,81,8,326,19,52694,4495096
2009/10/31,kn,38,6,137,8,7437,862857
2009/10/31,ks,1,0,5,0,18,51757
2009/10/31,ml,83,9,380,8,11376,2909319
2009/10/31,mr,43,4,189,23,24847,2678311
2009/10/31,ne,18,0,58,2,3033,150145
2009/10/31,new,22,0,12,55,56964,1526841
2009/10/31,or,6,0,4,0,539,35297
2009/10/31,pa,12,0,19,1,1448,119104
2009/10/31,pi,7,0,3,0,2315,87940
2009/10/31,sa,21,0,25,0,3752,231021
2009/10/31,sd,7,1,13,0,343,56483
2009/10/31,ta,77,17,294,11,19713,2406075
2009/10/31,te,72,16,313,6,44023,3736608
2009/10/31,total,657,82,2277,175,295644,25191907
2009/10/31,ur,39,9,151,7,11766,958408
2009/11/30,as,5,0,16,0,147,88300
2009/11/30,bn,47,5,257,8,19175,2245699
2009/11/30,bh,7,1,9,1,2445,91524
2009/11/30,bpy,30,4,17,0,23462,1342916
2009/11/30,gu,27,3,62,25,11149,467127
2009/11/30,hi,79,12,338,26,53466,4177637
2009/11/30,kn,47,5,142,6,7628,818105
2009/11/30,ks,2,0,5,0,18,52167
2009/11/30,ml,85,8,388,6,11551,2701698
2009/11/30,mr,40,1,190,6,25024,2317020
2009/11/30,ne,21,4,62,3,3123,145665
2009/11/30,new,21,1,13,0,56965,1266288
2009/11/30,or,4,0,4,0,539,41025
2009/11/30,pa,11,0,19,0,1453,125861
2009/11/30,pi,6,0,3,0,2315,86018
2009/11/30,sa,22,1,26,0,3755,202655
2009/11/30,sd,5,1,14,0,347,57608
2009/11/30,ta,73,4,298,10,20019,2398644
2009/11/30,te,67,10,323,8,44259,3717771
2009/11/30,total,638,66,2343,114,299047,23490407
2009/11/30,ur,39,6,157,15,12207,1146679
2009/12/31,as,4,0,16,0,147,93305
2009/12/31,bn,59,15,272,8,19425,2782785
2009/12/31,bh,10,0,9,0,2448,96117
2009/12/31,bpy,33,1,18,42,24772,1510928
2009/12/31,gu,27,2,64,21,11801,537128
2009/12/31,hi,93,18,356,16,53956,4903604
2009/12/31,kn,49,4,146,5,7780,916470
2009/12/31,ks,0,0,5,0,18,56527
2009/12/31,ml,83,7,395,6,11744,2783226
2009/12/31,mr,46,5,195,10,25336,2798541
2009/12/31,ne,16,0,62,1,3156,147244
2009/12/31,new,27,0,13,96,59951,1414490
2009/12/31,or,8,0,4,0,539,42143
2009/12/31,pa,10,1,20,0,1455,128433
2009/12/31,pi,9,0,3,0,2315,82631
2009/12/31,sa,21,1,27,0,3758,211152
2009/12/31,sd,4,0,14,0,349,60744
2009/12/31,ta,84,13,311,12,20406,2623173
2009/12/31,te,61,4,327,5,44403,4134881
2009/12/31,total,683,74,2417,231,306252,26363009
2009/12/31,ur,39,3,160,9,12493,1039487
2010/01/31,as,4,0,16,0,149,91161
2010/01/31,bn,54,8,280,5,19589,2574848
2010/01/31,bh,12,0,9,0,2449,115518
2010/01/31,bpy,34,0,18,0,24778,1466489
2010/01/31,gu,25,2,66,21,12454,524032
2010/01/31,hi,81,17,373,19,54537,4376349
2010/01/31,kn,45,9,155,4,7910,822956
2010/01/31,ks,0,0,5,0,18,54172
2010/01/31,ml,98,16,411,8,11998,2765431
2010/01/31,mr,49,9,204,16,25841,2535091
2010/01/31,ne,18,1,63,5,3296,165734
2010/01/31,new,26,1,14,45,61349,1588302
2010/01/31,or,5,0,4,0,541,42374
2010/01/31,pa,13,0,20,0,1469,142198
2010/01/31,pi,10,0,3,0,2315,87702
2010/01/31,sa,22,1,28,1,3787,231154
2010/01/31,sd,5,0,14,0,350,57358
2010/01/31,ta,81,15,326,14,20834,2605004
2010/01/31,te,52,3,330,3,44511,3540826
2010/01/31,total,669,86,2503,146,310833,24808564
2010/01/31,ur,35,4,164,5,12658,1021865
2010/02/28,as,5,0,16,0,150,98933
2010/02/28,bn,55,8,288,6,19760,2747949
2010/02/28,bh,10,2,11,0,2458,126984
2010/02/28,bpy,30,0,18,0,24778,1161400
2010/02/28,gu,36,4,70,18,12972,641361
2010/02/28,hi,72,12,385,17,55008,4730294
2010/02/28,kn,48,5,160,6,8066,1044252
2010/02/28,ks,0,0,5,0,18,50893
2010/02/28,ml,83,8,419,7,12188,2845219
2010/02/28,mr,46,8,212,22,26445,2839333
2010/02/28,ne,25,1,64,7,3500,180133
2010/02/28,new,25,0,14,29,62151,1354335
2010/02/28,or,8,1,5,2,601,44102
2010/02/28,pa,18,0,20,2,1520,165494
2010/02/28,pi,8,0,3,0,2315,89950
2010/02/28,sa,22,2,30,0,3790,239689
2010/02/28,sd,6,0,14,0,351,56360
2010/02/28,ta,76,10,336,15,21259,2668564
2010/02/28,te,54,3,333,3,44607,4180496
2010/02/28,total,654,67,2570,140,314764,26409708
2010/02/28,ur,27,3,167,6,12827,1143967
2010/03/31,as,5,0,16,0,152,98900
2010/03/31,bn,64,9,297,5,19922,2494974
2010/03/31,bh,11,0,11,0,2466,119365
2010/03/31,bpy,28,0,18,0,24782,1002004
2010/03/31,gu,37,4,74,27,13806,604040
2010/03/31,hi,92,18,403,15,55468,4128519
2010/03/31,kn,46,1,161,5,8215,992700
2010/03/31,ks,0,0,5,0,18,55798
2010/03/31,ml,93,13,432,6,12377,2902965
2010/03/31,mr,48,7,219,20,27070,2745967
2010/03/31,ne,22,1,65,7,3731,188001
2010/03/31,new,26,1,15,3,62234,1192329
2010/03/31,or,7,0,5,0,601,42600
2010/03/31,pa,18,1,21,1,1560,160767
2010/03/31,pi,9,0,3,0,2315,101218
2010/03/31,sa,22,2,32,1,3806,238925
2010/03/31,sd,5,1,15,0,355,63592
2010/03/31,ta,94,12,348,13,21656,2490003
2010/03/31,te,60,4,337,5,44759,3905992
2010/03/31,total,725,79,2649,117,318411,24468130
2010/03/31,ur,38,5,172,9,13118,939471
2010/04/30,as,2,0,16,0,152,112345
2010/04/30,bn,55,6,303,4,20048,2418973
2010/04/30,bh,17,1,12,0,2479,147711
2010/04/30,bpy,27,0,18,0,24785,1076674
2010/04/30,gu,28,1,75,17,14321,677129
2010/04/30,hi,71,8,411,14,55893,4228993
2010/04/30,kn,43,6,167,5,8363,1058778
2010/04/30,ks,1,0,5,0,18,70608
2010/04/30,ml,88,11,443,7,12582,3186281
2010/04/30,mr,41,2,221,10,27362,2791343
2010/04/30,ne,24,2,67,13,4123,230799
2010/04/30,new,24,0,15,217,68753,1324221
2010/04/30,or,9,0,5,0,601,51767
2010/04/30,pa,20,1,22,1,1591,225604
2010/04/30,pi,13,0,3,0,2315,131746
2010/04/30,sa,19,0,32,0,3812,276777
2010/04/30,sd,6,0,15,0,358,73944
2010/04/30,ta,102,15,363,15,22114,2538912
2010/04/30,te,54,3,340,6,44952,3706845
2010/04/30,total,674,59,2708,318,328003,25408914
2010/04/30,ur,30,3,175,9,13381,1079464
2010/05/31,as,2,0,16,0,152,101966
2010/05/31,bn,56,5,308,2,20109,2079080
2010/05/31,bh,14,0,12,3,2575,132259
2010/05/31,bpy,32,1,19,0,24785,1041791
2010/05/31,gu,31,1,76,15,14772,597275
2010/05/31,hi,71,6,417,15,56367,3953928
2010/05/31,kn,40,2,169,7,8571,1362421
2010/05/31,ks,1,0,5,0,18,78524
2010/05/31,ml,84,4,447,8,12839,2537643
2010/05/31,mr,42,6,227,14,27792,2470336
2010/05/31,ne,25,2,69,36,5244,217569
2010/05/31,new,26,1,16,58,70558,1505271
2010/05/31,or,4,0,5,0,601,60718
2010/05/31,pa,18,0,22,1,1636,193997
2010/05/31,pi,11,0,3,0,2316,115162
2010/05/31,sa,20,0,32,0,3817,224810
2010/05/31,sd,6,0,15,0,365,71498
2010/05/31,ta,116,25,388,9,22400,2214814
2010/05/31,te,60,8,348,6,45124,2626422
2010/05/31,total,700,64,2772,179,333566,22683576
2010/05/31,ur,41,3,178,5,13525,1098092
2010/06/30,as,6,2,18,0,163,82165
2010/06/30,bn,52,7,315,4,20215,1376385
2010/06/30,bh,12,0,12,0,2579,106921
2010/06/30,bpy,29,1,20,0,24786,476872
2010/06/30,gu,32,3,79,14,15192,413175
2010/06/30,hi,84,13,430,18,56921,4375919
2010/06/30,kn,45,5,174,8,8814,854942
2010/06/30,ks,1,0,5,0,18,55477
2010/06/30,ml,84,10,457,14,13245,1340893
2010/06/30,mr,45,6,233,50,29280,2111540
2010/06/30,ne,22,1,70,13,5648,195341
2010/06/30,new,29,0,16,0,70560,534330
2010/06/30,or,7,1,6,1,639,46263
2010/06/30,pa,17,0,22,0,1647,154265
2010/06/30,pi,10,0,3,0,2316,90659
2010/06/30,sa,18,1,33,1,3835,173706
2010/06/30,sd,5,0,15,0,367,61273
2010/06/30,ta,126,29,417,16,22893,2134583
2010/06/30,te,57,3,351,6,45293,1543395
2010/06/30,total,716,86,2858,158,338338,17112752
2010/06/30,ur,35,4,182,13,13927,984648
2010/07/31,as,5,0,18,0,164,98676
2010/07/31,bn,68,13,328,4,20342,1794844
2010/07/31,bh,13,1,13,1,2625,113310
2010/07/31,bpy,35,1,21,0,24787,663647
2010/07/31,gu,37,3,82,15,15656,512471
2010/07/31,hi,89,17,447,13,57314,5133693
2010/07/31,kn,54,11,185,7,9042,976034
2010/07/31,ks,1,0,5,0,18,75310
2010/07/31,ml,107,13,470,14,13677,1651028
2010/07/31,mr,49,8,241,14,29723,2605807
2010/07/31,ne,34,3,73,46,7081,248274
2010/07/31,new,24,1,17,0,70560,577959
2010/07/31,or,4,0,6,0,639,56892
2010/07/31,pa,23,0,22,7,1865,190554
2010/07/31,pi,8,0,3,0,2316,88799
2010/07/31,sa,20,0,33,0,3842,178606
2010/07/31,sd,5,0,15,0,370,76882
2010/07/31,ta,111,20,437,16,23396,2516879
2010/07/31,te,55,6,357,7,45503,1820302
2010/07/31,total,774,99,2957,147,342954,20414282
2010/07/31,ur,32,2,184,3,14034,1034315
2010/08/31,as,6,0,18,0,165,89987
2010/08/31,bn,73,17,345,3,20434,1780657
2010/08/31,bh,13,0,13,1,2651,113591
2010/08/31,bpy,30,0,21,0,24788,594876
2010/08/31,gu,37,1,83,16,16157,538949
2010/08/31,hi,106,21,468,18,57870,5046081
2010/08/31,kn,55,13,198,7,9254,1050517
2010/08/31,ks,1,0,5,0,18,47355
2010/08/31,ml,109,14,484,12,14058,1551437
2010/08/31,mr,55,6,247,9,30004,2491100
2010/08/31,ne,28,4,77,11,7424,244099
2010/08/31,new,21,0,17,0,70561,553964
2010/08/31,or,9,1,7,0,640,37465
2010/08/31,pa,17,0,22,0,1876,165585
2010/08/31,pi,11,0,3,0,2316,91509
2010/08/31,sa,16,0,33,0,3847,153027
2010/08/31,sd,9,0,15,0,372,54197
2010/08/31,ta,114,24,461,20,24013,2631731
2010/08/31,te,68,9,366,8,45748,1703653
2010/08/31,total,813,114,3071,116,346576,19907116
2010/08/31,ur,35,4,188,11,14380,967336
2010/09/30,as,4,0,18,0,166,74386
2010/09/30,bn,67,10,355,7,20645,1780128
2010/09/30,bh,18,0,13,0,2662,128021
2010/09/30,bpy,32,1,22,0,24792,626442
2010/09/30,gu,35,3,86,15,16596,489765
2010/09/30,hi,85,17,485,18,58424,5329495
2010/09/30,kn,51,5,203,7,9461,1032197
2010/09/30,ks,0,0,5,0,18,60042
2010/09/30,ml,88,5,489,15,14508,1527100
2010/09/30,mr,52,2,249,11,30321,2589715
2010/09/30,ne,23,0,77,8,7656,242635
2010/09/30,new,21,0,17,0,70561,548605
2010/09/30,or,7,0,7,0,640,44248
2010/09/30,pa,18,2,24,0,1881,171898
2010/09/30,pi,15,0,3,0,2316,94875
2010/09/30,sa,20,2,35,0,3848,163423
2010/09/30,sd,8,0,15,0,372,54686
2010/09/30,ta,106,17,478,22,24686,2527773
2010/09/30,te,69,10,376,8,45978,1588038
2010/09/30,total,759,79,3150,129,350458,20059397
2010/09/30,ur,40,5,193,18,14927,985925
2010/10/31,as,2,0,18,0,166,164389
2010/10/31,bn,61,6,361,5,20786,1859158
2010/10/31,bh,11,1,14,0,2663,130670
2010/10/31,bpy,27,1,23,0,24793,594525
2010/10/31,gu,31,4,90,14,17042,481069
2010/10/31,hi,93,12,497,19,59008,5238710
2010/10/31,kn,55,7,210,9,9750,1084605
2010/10/31,ks,1,0,5,0,18,56557
2010/10/31,ml,116,17,506,16,14998,1491325
2010/10/31,mr,48,5,254,10,30623,2634405
2010/10/31,ne,33,3,80,58,9455,260941
2010/10/31,new,19,2,19,0,70561,498523
2010/10/31,or,3,0,7,0,640,50375
2010/10/31,pa,15,0,24,0,1888,197299
2010/10/31,pi,6,1,4,0,2316,100391
2010/10/31,sa,18,2,37,1,3885,174648
2010/10/31,sd,6,0,15,0,377,58904
2010/10/31,ta,97,11,489,25,25450,2690863
2010/10/31,te,59,8,384,12,46343,1713889
2010/10/31,total,732,82,3232,177,355952,20528790
2010/10/31,ur,31,2,195,8,15190,1047544
2010/11/30,as,14,1,19,0,180,90921
2010/11/30,bn,71,10,371,6,20979,1998094
2010/11/30,bh,13,0,14,0,2664,140574
2010/11/30,bpy,33,1,24,0,24793,658923
2010/11/30,gu,47,8,98,13,17443,560243
2010/11/30,hi,101,14,511,15,59461,4930634
2010/11/30,kn,61,8,218,8,9996,1014537
2010/11/30,ks,0,0,5,0,18,60967
2010/11/30,ml,136,29,535,27,15821,1617107
2010/11/30,mr,46,4,258,14,31048,2503724
2010/11/30,ne,35,2,82,47,10857,293721
2010/11/30,new,22,0,19,0,70561,614887
2010/11/30,or,7,0,7,0,640,47923
2010/11/30,pa,23,0,24,0,1892,187568
2010/11/30,pi,10,0,4,0,2316,94754
2010/11/30,sa,22,1,38,2,3939,194104
2010/11/30,sd,10,1,16,0,387,54604
2010/11/30,ta,108,16,505,18,25997,2788919
2010/11/30,te,70,6,390,21,46985,1687421
2010/11/30,total,862,103,3335,172,361200,20640668
2010/11/30,ur,33,2,197,1,15223,1101043
2010/12/31,as,10,0,19,0,191,97717
2010/12/31,bn,76,9,380,4,21117,2619266
2010/12/31,bh,12,0,14,0,2664,185491
2010/12/31,bpy,29,0,24,0,24793,808578
2010/12/31,gu,41,1,99,13,17850,651757
2010/12/31,hi,86,15,526,15,59935,7848740
2010/12/31,kn,59,8,226,6,10172,1127597
2010/12/31,ks,0,0,5,0,18,67143
2010/12/31,ml,131,17,552,17,16361,1825301
2010/12/31,mr,50,6,264,8,31290,2888354
2010/12/31,ne,39,1,83,8,11094,365477
2010/12/31,new,26,0,19,0,70562,929074
2010/12/31,or,3,0,7,0,641,60725
2010/12/31,pa,20,1,25,0,1897,219482
2010/12/31,pi,7,0,4,0,2316,133711
2010/12/31,sa,22,0,38,0,3942,233595
2010/12/31,sd,6,0,16,0,388,77096
2010/12/31,ta,109,15,520,21,26653,3256506
2010/12/31,te,75,4,394,14,47429,2130999
2010/12/31,total,845,80,3415,111,364697,26836085
2010/12/31,ur,44,3,200,5,15384,1309476
2011/01/31,as,11,1,20,0,200,79452
2011/01/31,bn,76,11,391,4,21239,1874433
2011/01/31,bh,16,2,16,0,2673,163508
2011/01/31,bpy,30,0,24,0,24794,691311
2011/01/31,gu,41,3,102,13,18263,604616
2011/01/31,hi,89,10,536,303,69322,4880896
2011/01/31,kn,67,8,234,8,10427,1130587
2011/01/31,ks,0,0,5,0,18,59277
2011/01/31,ml,127,13,565,12,16723,1681364
2011/01/31,mr,56,8,272,10,31592,2738452
2011/01/31,ne,34,1,84,19,11686,359873
2011/01/31,new,25,0,19,0,70571,798218
2011/01/31,or,7,0,7,0,641,54617
2011/01/31,pa,19,1,26,0,1901,195137
2011/01/31,pi,10,0,4,0,2316,113850
2011/01/31,sa,20,0,38,0,3948,234378
2011/01/31,sd,8,1,17,0,389,58974
2011/01/31,ta,99,12,532,24,27408,2891053
2011/01/31,te,67,6,400,9,47702,2215576
2011/01/31,total,842,80,3495,420,377744,21982400
2011/01/31,ur,40,3,203,18,15931,1156828
2011/02/28,as,10,2,22,1,225,90476
2011/02/28,bn,73,11,402,5,21375,2236272
2011/02/28,bh,13,0,16,0,2674,191001
2011/02/28,bpy,29,0,24,0,24798,749800
2011/02/28,gu,44,6,108,13,18623,645550
2011/02/28,hi,87,9,545,15,69752,4720001
2011/02/28,kn,66,3,237,7,10620,1073387
2011/02/28,ks,0,0,5,0,18,49586
2011/02/28,ml,106,18,583,13,17091,1768080
2011/02/28,mr,57,9,281,9,31831,2869351
2011/02/28,ne,34,0,84,5,11822,447874
2011/02/28,new,26,0,19,0,70572,804140
2011/02/28,or,10,2,9,0,647,51448
2011/02/28,pa,19,1,27,0,1902,196939
2011/02/28,pi,10,0,4,0,2316,106340
2011/02/28,sa,18,0,38,0,3957,218508
2011/02/28,sd,7,1,18,0,395,54832
2011/02/28,ta,96,9,541,36,28403,3169971
2011/02/28,te,73,6,406,8,47932,1961167
2011/02/28,total,814,78,3573,133,381480,22596773
2011/02/28,ur,36,1,204,21,16527,1192050
2011/03/31,as,11,0,22,0,229,115327
2011/03/31,bn,68,13,415,3,21476,2726306
2011/03/31,bh,14,0,16,0,2679,193981
2011/03/31,bpy,31,0,24,0,24800,965151
2011/03/31,gu,33,1,109,13,19026,710374
2011/03/31,hi,93,16,561,352,80678,5293557
2011/03/31,kn,62,6,243,5,10790,1313783
2011/03/31,ks,1,0,5,0,18,67105
2011/03/31,ml,115,23,606,20,17707,2095761
2011/03/31,mr,55,7,288,16,32323,3115053
2011/03/31,ne,40,3,87,48,13322,556288
2011/03/31,new,28,0,19,0,70584,1028072
2011/03/31,or,16,3,12,1,683,111095
2011/03/31,pa,24,2,29,0,1907,233963
2011/03/31,pi,15,0,4,0,2316,148264
2011/03/31,sa,27,4,42,5,4114,251620
2011/03/31,sd,8,0,18,0,398,69128
2011/03/31,ta,100,12,553,35,29492,3679184
2011/03/31,te,73,6,412,6,48111,2426691
2011/03/31,total,851,99,3672,507,397264,26514459
2011/03/31,ur,37,3,207,3,16611,1413756
2011/04/30,as,7,1,23,0,241,97069
2011/04/30,bn,62,11,426,4,21597,1960564
2011/04/30,bh,7,0,16,0,2680,158829
2011/04/30,bpy,25,0,24,0,24805,654946
2011/04/30,gu,31,2,111,13,19425,687710
2011/04/30,hi,81,13,574,219,87245,5095131
2011/04/30,kn,48,7,250,7,11012,1206679
2011/04/30,ks,0,0,5,0,18,59113
2011/04/30,ml,100,12,618,9,17964,1760832
2011/04/30,mr,47,5,293,9,32600,2459340
2011/04/30,ne,35,1,88,16,13806,465415
2011/04/30,new,19,0,19,0,70587,701044
2011/04/30,or,16,3,15,2,730,137267
2011/04/30,pa,16,1,30,0,1917,219724
2011/04/30,pi,7,0,4,0,2316,109075
2011/04/30,sa,18,1,43,6,4297,220551
2011/04/30,sd,5,0,18,0,399,57119
2011/04/30,ta,100,14,567,52,31060,2929074
2011/04/30,te,47,5,417,5,48253,2329270
2011/04/30,total,705,80,3752,347,407726,22428869
2011/04/30,ur,34,4,211,5,16774,1120117
2011/05/31,as,8,0,23,0,245,134587
2011/05/31,bn,67,7,433,2,21662,2769712
2011/05/31,bh,10,0,16,0,2681,155756
2011/05/31,bpy,24,0,24,0,24809,729132
2011/05/31,gu,40,3,114,14,19847,840960
2011/05/31,hi,79,23,597,17,87775,4948898
2011/05/31,kn,46,1,251,8,11259,1723850
2011/05/31,ks,1,0,5,0,18,57443
2011/05/31,ml,113,19,637,14,18409,2513454
2011/05/31,mr,47,2,295,12,32962,2742442
2011/05/31,ne,37,3,91,29,14700,515424
2011/05/31,new,24,1,20,0,70587,638247
2011/05/31,or,20,4,19,9,999,115554
2011/05/31,pa,16,0,30,0,1919,204321
2011/05/31,pi,11,1,5,12,2702,111348
2011/05/31,sa,28,4,47,19,4897,258118
2011/05/31,sd,5,0,18,0,399,53601
2011/05/31,ta,102,8,575,42,32352,3802148
2011/05/31,te,67,9,426,7,48466,3203635
2011/05/31,total,772,86,3838,190,413626,26669331
2011/05/31,ur,27,1,212,5,16938,1150701
2011/06/30,as,13,3,26,1,289,86228
2011/06/30,bn,58,10,443,2,21719,1946518
2011/06/30,bh,18,1,17,0,2686,158314
2011/06/30,bpy,27,0,24,0,24812,646801
2011/06/30,gu,35,3,117,12,20219,717554
2011/06/30,hi,86,13,610,70,89866,6531680
2011/06/30,kn,42,2,253,2,11316,1212490
2011/06/30,ks,1,0,5,0,22,55038
2011/06/30,ml,119,19,656,11,18750,2308587
2011/06/30,mr,55,5,300,11,33284,3144489
2011/06/30,ne,30,1,92,48,16130,621982
2011/06/30,new,23,0,20,0,70588,794662
2011/06/30,or,20,3,22,6,1187,134145
2011/06/30,pa,21,0,30,0,1922,221374
2011/06/30,pi,18,0,5,15,3138,105440
2011/06/30,sa,35,6,53,4,5014,293181
2011/06/30,sd,11,1,19,0,411,64317
2011/06/30,ta,107,15,590,45,33699,3080229
2011/06/30,te,54,4,430,6,48631,2454052
2011/06/30,total,808,91,3929,243,420909,25690318
2011/06/30,ur,35,5,217,10,17226,1113237
2011/07/31,as,18,2,28,1,325,99648
2011/07/31,bn,63,14,457,2,21771,1947480
2011/07/31,bh,13,0,17,0,2687,182593
2011/07/31,bpy,30,0,24,0,24815,663570
2011/07/31,gu,39,2,119,13,20619,891553
2011/07/31,hi,98,14,624,13,90279,7312163
2011/07/31,kn,41,3,256,2,11382,1335807
2011/07/31,ks,0,1,6,0,22,54782
2011/07/31,ml,122,14,670,16,19243,2811107
2011/07/31,mr,56,4,304,9,33571,3819845
2011/07/31,ne,46,4,96,6,16303,684712
2011/07/31,new,25,0,20,0,70591,983936
2011/07/31,or,19,1,23,4,1309,176347
2011/07/31,pa,25,5,35,0,1935,222555
2011/07/31,pi,12,0,5,0,3138,111506
2011/07/31,sa,34,2,55,1,5054,315208
2011/07/31,sd,9,1,20,1,441,79945
2011/07/31,ta,109,14,604,31,34656,3424035
2011/07/31,te,60,8,438,7,48836,2505058
2011/07/31,total,860,98,4027,111,424344,28795050
2011/07/31,ur,41,9,226,5,17367,1173200
2011/08/31,as,20,4,32,2,385,143477
2011/08/31,bn,69,14,471,2,21844,2521483
2011/08/31,bh,14,0,17,0,2689,204221
2011/08/31,bpy,32,0,24,0,24817,886627
2011/08/31,gu,39,2,121,7,20846,1023459
2011/08/31,hi,95,16,640,22,90958,9094417
2011/08/31,kn,47,0,256,2,11445,1536835
2011/08/31,ks,0,0,6,0,24,90362
2011/08/31,ml,130,13,683,28,20116,3159346
2011/08/31,mr,61,5,309,5,33739,4401155
2011/08/31,ne,45,2,98,5,16471,844582
2011/08/31,new,28,0,20,1,70620,1064163
2011/08/31,or,20,0,23,6,1509,224588
2011/08/31,pa,31,1,36,1,1965,257903
2011/08/31,pi,14,0,5,0,3139,129108
2011/08/31,sa,34,4,59,10,5355,378800
2011/08/31,sd,8,0,20,0,443,85132
2011/08/31,ta,119,8,612,50,36211,4033058
2011/08/31,te,62,4,442,7,49043,2520912
2011/08/31,total,907,76,4103,151,429076,34117149
2011/08/31,ur,39,3,229,3,17457,1517521
2011/09/30,as,24,6,38,3,469,127560
2011/09/30,bn,66,6,477,2,21904,2863890
2011/09/30,bh,17,0,17,0,2693,175059
2011/09/30,bpy,29,2,26,0,24830,764760
2011/09/30,gu,38,0,121,11,21176,883623
2011/09/30,hi,96,6,646,11,91282,7730432
2011/09/30,kn,47,2,258,2,11503,1333610
2011/09/30,ks,0,0,6,0,24,71859
2011/09/30,ml,123,13,696,17,20638,2792725
2011/09/30,mr,60,8,317,9,33996,4588807
2011/09/30,ne,49,3,101,15,16925,694126
2011/09/30,new,30,0,20,0,70627,1296200
2011/09/30,or,23,1,24,3,1611,206623
2011/09/30,pa,26,0,36,44,3285,266888
2011/09/30,pi,12,0,5,0,3140,139424
2011/09/30,sa,37,4,63,28,6187,343256
2011/09/30,sd,9,1,21,0,447,71894
2011/09/30,ta,124,21,633,55,37850,4136077
2011/09/30,te,65,7,449,10,49334,2328409
2011/09/30,total,912,80,4183,213,435479,32420088
2011/09/30,ur,37,0,229,3,17558,1604866
2011/10/31,as,23,0,38,1,505,243991
2011/10/31,bn,75,12,489,3,22011,4439441
2011/10/31,bh,16,0,17,0,2696,278434
2011/10/31,bpy,33,0,26,0,24832,1237923
2011/10/31,gu,41,3,124,9,21466,1130133
2011/10/31,hi,90,11,657,7,91494,9004187
2011/10/31,kn,41,3,261,1,11535,1859668
2011/10/31,ks,5,1,7,1,69,64845
2011/10/31,ml,122,11,707,14,21070,5570501
2011/10/31,mr,73,8,325,9,34286,6086932
2011/10/31,ne,45,4,105,5,17093,1338339
2011/10/31,new,34,0,20,0,70630,1395192
2011/10/31,or,22,3,27,4,1729,489014
2011/10/31,pa,28,2,38,4,3401,416882
2011/10/31,pi,12,0,5,0,3140,184845
2011/10/31,sa,45,5,68,11,6537,568859
2011/10/31,sd,7,0,21,0,448,82199
2011/10/31,ta,118,14,647,72,40090,4898556
2011/10/31,te,64,6,455,7,49546,3568060
2011/10/31,total,930,84,4267,150,440188,44554819
2011/10/31,ur,36,1,230,2,17610,1696818
2011/11/30,as,22,3,41,1,549,162464
2011/11/30,bn,78,8,497,4,22119,2460603
2011/11/30,bh,15,1,18,0,2701,204050
2011/11/30,bpy,36,1,27,0,24835,769336
2011/11/30,gu,42,4,128,7,21665,815330
2011/11/30,hi,96,19,676,6,91677,6548639
2011/11/30,kn,54,10,271,2,11605,1397457
2011/11/30,ks,8,0,7,1,103,79065
2011/11/30,ml,129,10,717,18,21613,5811737
2011/11/30,mr,76,12,337,8,34519,7566350
2011/11/30,ne,45,4,109,5,17236,1249960
2011/11/30,new,32,0,20,0,70635,908057
2011/11/30,or,26,1,28,3,1815,257704
2011/11/30,pa,26,0,38,0,3416,259858
2011/11/30,pi,10,0,5,0,3140,127700
2011/11/30,sa,42,3,71,22,7207,356634
2011/11/30,sd,12,4,25,1,481,74148
2011/11/30,ta,124,16,663,56,41770,4007115
2011/11/30,te,64,7,462,19,50104,2249882
2011/11/30,total,979,104,4371,156,444888,36825912
2011/11/30,ur,42,1,231,3,17698,1519823
2011/12/31,as,29,6,47,5,698,212109
2011/12/31,bn,79,11,508,8,22356,2315088
2011/12/31,bh,10,1,19,1,2731,176915
2011/12/31,bpy,30,1,28,0,24842,878084
2011/12/31,gu,41,3,131,4,21782,869915
2011/12/31,hi,101,14,690,14,92114,5854485
2011/12/31,kn,51,7,278,4,11733,1200877
2011/12/31,ks,4,0,7,0,103,63550
2011/12/31,ml,135,22,739,18,22180,2715708
2011/12/31,mr,78,19,356,6,34720,3887211
2011/12/31,ne,40,3,112,54,18911,873115
2011/12/31,new,22,0,20,1,70661,987396
2011/12/31,or,20,1,29,5,1965,284887
2011/12/31,pa,20,0,38,0,3422,290885
2011/12/31,pi,7,0,5,0,3140,153181
2011/12/31,sa,38,3,74,18,7779,462066
2011/12/31,sd,10,1,26,0,487,83698
2011/12/31,ta,131,14,677,39,42974,4247678
2011/12/31,te,54,2,464,6,50282,2501728
2011/12/31,total,937,112,4483,185,450632,29613778
2011/12/31,ur,37,4,235,2,17752,1555202
2012/01/31,as,33,3,50,3,804,255686
2012/01/31,bn,76,9,517,8,22596,2531719
2012/01/31,bh,10,0,19,0,2739,170274
2012/01/31,bpy,26,0,28,0,24844,818207
2012/01/31,gu,45,4,135,4,21891,1023531
2012/01/31,hi,106,22,712,17,92645,6215016
2012/01/31,kn,63,8,286,3,11825,1374231
2012/01/31,ks,6,0,7,0,103,69966
2012/01/31,ml,122,18,757,17,22719,2956862
2012/01/31,mr,78,12,368,6,34919,4325466
2012/01/31,ne,42,3,115,34,19959,828952
2012/01/31,new,24,0,20,1,70677,840122
2012/01/31,or,20,0,29,6,2162,282293
2012/01/31,pa,19,0,38,0,3429,288078
2012/01/31,pi,5,0,5,0,3141,131539
2012/01/31,sa,38,8,82,11,8117,463435
2012/01/31,sd,6,0,26,0,487,71377
2012/01/31,ta,132,22,699,33,43982,4417389
2012/01/31,te,73,14,478,6,50471,2698912
2012/01/31,total,953,126,4609,151,455322,31199849
2012/01/31,ur,29,3,238,2,17812,1436794
2012/02/29,as,34,4,54,3,884,293001
2012/02/29,bn,91,19,536,5,22742,2347611
2012/02/29,bh,11,0,19,1,2754,194105
2012/02/29,bpy,23,0,28,0,24848,720784
2012/02/29,gu,42,3,138,1,21927,938459
2012/02/29,hi,96,19,731,15,93092,5213561
2012/02/29,kn,55,6,292,5,11984,1228050
2012/02/29,ks,4,0,7,0,103,66471
2012/02/29,ml,117,12,769,13,23089,2518167
2012/02/29,mr,77,7,375,6,35084,3645486
2012/02/29,ne,47,2,117,10,20235,831049
2012/02/29,new,27,0,20,1,70703,852102
2012/02/29,or,27,2,31,6,2346,394155
2012/02/29,pa,23,2,40,1,3444,293366
2012/02/29,pi,5,1,6,0,3145,142379
2012/02/29,sa,41,3,85,8,8340,441210
2012/02/29,sd,7,0,26,0,488,71150
2012/02/29,ta,126,13,712,21,44580,4134199
2012/02/29,te,70,8,486,7,50665,2451085
2012/02/29,total,965,102,4711,105,458333,28174982
2012/02/29,ur,42,1,239,2,17880,1398592
2012/03/31,as,40,5,59,3,969,395271
2012/03/31,bn,88,17,553,8,23004,2609450
2012/03/31,bh,11,0,19,0,2763,208005
2012/03/31,bpy,29,1,29,0,24850,688932
2012/03/31,gu,34,1,139,1,21964,895331
2012/03/31,hi,89,14,745,15,93558,4847957
2012/03/31,kn,55,8,300,4,12120,1167925
2012/03/31,ks,8,0,7,0,103,59716
2012/03/31,ml,123,16,785,13,23503,2662726
2012/03/31,mr,66,10,385,6,35274,3576156
2012/03/31,ne,42,2,119,12,20603,852941
2012/03/31,new,25,0,20,0,70704,854775
2012/03/31,or,24,2,33,2,2413,319887
2012/03/31,pa,19,0,40,0,3457,264857
2012/03/31,pi,7,0,6,0,3148,139379
2012/03/31,sa,36,2,87,4,8456,438415
2012/03/31,sd,6,0,26,0,489,85368
2012/03/31,ta,116,9,721,21,45242,4827518
2012/03/31,te,62,5,491,5,50817,2578207
2012/03/31,total,917,93,4804,98,461444,28881774
2012/03/31,ur,37,1,240,4,18007,1408958
2012/04/30,as,47,7,66,2,1031,295510
2012/04/30,bn,100,20,573,6,23172,2304730
2012/04/30,bh,13,0,19,0,2768,145920
2012/04/30,bpy,26,0,29,0,24852,666971
2012/04/30,gu,35,4,143,1,22002,671423
2012/04/30,hi,84,13,758,13,93934,4571137
2012/04/30,kn,52,5,305,4,12235,983899
2012/04/30,ks,5,0,7,0,103,50298
2012/04/30,ml,106,9,794,10,23790,2096078
2012/04/30,mr,66,11,396,26,36052,2447892
2012/04/30,ne,38,0,119,10,20914,661378
2012/04/30,new,20,0,20,0,70707,740295
2012/04/30,or,30,4,37,3,2517,311703
2012/04/30,pa,21,1,41,0,3462,235097
2012/04/30,pi,10,0,6,0,3148,121306
2012/04/30,sa,32,2,89,5,8612,370823
2012/04/30,sd,6,1,27,0,494,80925
2012/04/30,ta,108,8,729,21,45868,3300790
2012/04/30,te,56,8,499,3,50921,1913305
2012/04/30,total,890,98,4902,108,464702,23265488
2012/04/30,ur,35,5,245,4,18120,1296008
2012/05/31,as,33,5,71,2,1079,380908
2012/05/31,bn,85,19,592,6,23356,2689791
2012/05/31,bh,11,0,19,0,2771,176770
2012/05/31,bpy,21,0,29,0,24854,756374
2012/05/31,gu,39,4,147,1,22019,755959
2012/05/31,hi,82,9,767,9,94203,5561316
2012/05/31,kn,47,3,308,2,12303,1185792
2012/05/31,ks,5,0,7,0,103,73516
2012/05/31,ml,114,13,807,11,24126,2495557
2012/05/31,mr,70,4,400,16,36546,2819209
2012/05/31,ne,40,0,119,19,21511,796760
2012/05/31,new,19,0,20,0,70707,848682
2012/05/31,or,38,12,49,4,2637,449558
2012/05/31,pa,18,1,42,0,3468,329846
2012/05/31,pi,10,0,6,0,3150,142235
2012/05/31,sa,33,0,89,4,8741,477421
2012/05/31,sd,6,0,27,0,498,104777
2012/05/31,ta,108,15,744,22,46558,3864132
2012/05/31,te,63,6,505,4,51045,2106064
2012/05/31,total,883,93,4995,109,468086,27391640
2012/05/31,ur,41,2,247,9,18411,1376973
2012/06/30,as,42,7,78,3,1159,358924
2012/06/30,bn,78,13,605,5,23507,2335797
2012/06/30,bh,8,0,19,0,2778,158348
2012/06/30,bpy,23,0,29,0,24857,634622
2012/06/30,gu,38,5,152,3,22113,838792
2012/06/30,hi,91,20,787,10,94493,6738121
2012/06/30,kn,48,4,312,3,12401,1207528
2012/06/30,ks,4,0,7,0,103,50426
2012/06/30,ml,126,18,825,20,24721,2635802
2012/06/30,mr,72,9,409,14,36955,2778964
2012/06/30,ne,42,5,124,7,21708,764984
2012/06/30,new,18,0,20,0,70709,656071
2012/06/30,or,40,4,53,3,2734,407538
2012/06/30,pa,17,1,43,2,3517,336527
2012/06/30,pi,8,1,7,0,3157,159518
2012/06/30,sa,23,1,90,2,8791,472116
2012/06/30,sd,8,0,27,0,502,94862
2012/06/30,ta,123,20,764,23,47234,4141212
2012/06/30,te,60,4,509,4,51162,2056839
2012/06/30,total,912,117,5112,116,471514,28247309
2012/06/30,ur,43,5,252,17,18913,1420318
2012/07/31,as,36,2,80,2,1218,391555
2012/07/31,bn,77,10,615,5,23669,2343109
2012/07/31,bh,11,0,19,0,2779,154581
2012/07/31,bpy,24,0,29,0,24857,660642
2012/07/31,gu,41,2,154,1,22136,1167925
2012/07/31,hi,100,19,806,10,94815,6795845
2012/07/31,kn,47,4,316,3,12497,1216723
2012/07/31,ks,5,0,7,0,103,67335
2012/07/31,ml,140,18,843,32,25705,2821358
2012/07/31,mr,63,2,411,9,37224,3026367
2012/07/31,ne,49,5,129,8,21971,756820
2012/07/31,new,25,0,20,0,70715,684336
2012/07/31,or,35,5,58,3,2818,358250
2012/07/31,pa,22,3,46,1,3560,311771
2012/07/31,pi,9,0,7,0,3157,142618
2012/07/31,sa,33,6,96,4,8900,458113
2012/07/31,sd,6,0,27,0,511,79286
2012/07/31,ta,112,8,772,18,47802,4557751
2012/07/31,te,52,4,513,4,51273,1988344
2012/07/31,total,931,91,5203,106,474813,29356557
2012/07/31,ur,44,3,255,6,19103,1373828
2012/08/31,as,29,1,81,2,1276,354104
2012/08/31,bn,86,12,627,8,23908,2375159
2012/08/31,bh,7,0,19,0,2780,172549
2012/08/31,bpy,21,0,29,0,24858,645115
2012/08/31,gu,35,5,159,1,22170,1164976
2012/08/31,hi,95,16,822,9,95107,6985729
2012/08/31,kn,43,1,317,3,12604,1217217
2012/08/31,ks,5,1,8,0,106,47530
2012/08/31,ml,151,16,859,21,26347,2655090
2012/08/31,mr,70,12,423,9,37504,2912041
2012/08/31,ne,41,3,132,9,22238,809575
2012/08/31,new,19,0,20,0,70716,741259
2012/08/31,or,24,3,61,4,2953,374067
2012/08/31,pa,25,4,50,4,3670,272071
2012/08/31,pi,5,0,7,0,3157,127256
2012/08/31,sa,35,5,101,2,8965,409269
2012/08/31,sd,3,0,27,0,514,69672
2012/08/31,ta,117,16,788,13,48193,4479283
2012/08/31,te,58,9,522,5,51436,1996462
2012/08/31,total,911,107,5310,99,477889,29110904
2012/08/31,ur,42,3,258,9,19387,1302480
2012/09/30,as,33,2,83,2,1351,386295
2012/09/30,bn,81,18,645,8,24162,2084566
2012/09/30,bh,6,0,19,0,2784,181334
2012/09/30,bpy,19,0,29,0,24858,620649
2012/09/30,gu,34,7,166,1,22202,1087468
2012/09/30,hi,81,8,830,10,95420,6901566
2012/09/30,kn,46,4,321,2,12669,1285355
2012/09/30,ks,5,0,8,0,106,56488
2012/09/30,ml,120,13,872,15,26788,2550015
2012/09/30,mr,68,8,431,7,37720,2867804
2012/09/30,ne,34,1,133,29,23120,786936
2012/09/30,new,19,0,20,0,70721,825532
2012/09/30,or,23,0,61,4,3069,300208
2012/09/30,pa,27,4,54,4,3787,330107
2012/09/30,pi,5,0,7,0,3158,143735
2012/09/30,sa,29,2,103,4,9070,406570
2012/09/30,sd,3,0,27,0,514,66996
2012/09/30,ta,112,15,803,17,48695,3832378
2012/09/30,te,53,4,526,4,51543,1917046
2012/09/30,total,841,91,5401,119,481485,28001540
2012/09/30,ur,43,5,263,12,19748,1370492
2012/10/31,as,35,3,86,3,1444,469888
2012/10/31,bn,80,13,658,6,24345,2204711
2012/10/31,bh,11,2,21,0,2790,191078
2012/10/31,bpy,21,0,29,0,24862,630708
2012/10/31,gu,47,5,171,1,22222,935012
2012/10/31,hi,89,15,845,11,95763,7173579
2012/10/31,kn,45,5,326,3,12753,1379101
2012/10/31,ks,7,0,8,0,111,60663
2012/10/31,ml,109,13,885,16,27273,2768743
2012/10/31,mr,71,11,442,19,38323,3015982
2012/10/31,ne,36,4,137,3,23224,768744
2012/10/31,new,22,1,21,1,70748,734167
2012/10/31,or,28,1,62,1,3111,397963
2012/10/31,pa,30,2,56,3,3895,375210
2012/10/31,pi,8,0,7,0,3158,140618
2012/10/31,sa,32,2,105,3,9173,489795
2012/10/31,sd,6,0,27,0,518,78178
2012/10/31,ta,110,8,811,19,49270,4743395
2012/10/31,te,65,7,533,4,51656,2216677
2012/10/31,total,907,96,5497,117,485124,30292488
2012/10/31,ur,55,4,267,24,20485,1518276
2012/11/30,as,38,4,90,2,1497,442135
2012/11/30,bn,81,11,669,7,24562,2247501
2012/11/30,bh,9,0,21,0,2796,174532
2012/11/30,bpy,23,0,29,0,24863,639034
2012/11/30,gu,42,3,174,4,22330,909321
2012/11/30,hi,101,21,866,15,96200,6537528
2012/11/30,kn,49,5,331,5,12889,1232106
2012/11/30,ks,4,0,8,0,113,54556
2012/11/30,ml,110,14,899,13,27655,2712845
2012/11/30,mr,58,9,451,10,38623,2733385
2012/11/30,ne,37,2,139,3,23301,747388
2012/11/30,new,26,1,22,3,70849,770914
2012/11/30,or,34,1,63,2,3163,320208
2012/11/30,pa,40,8,64,19,4464,386006
2012/11/30,pi,10,0,7,0,3159,148089
2012/11/30,sa,29,0,105,14,9589,447013
2012/11/30,sd,3,0,27,0,519,77724
2012/11/30,ta,112,10,821,17,49774,4139187
2012/11/30,te,57,6,539,4,51781,1972035
2012/11/30,total,920,103,5600,175,490326,28316173
2012/11/30,ur,57,8,275,57,22199,1624666
2012/12/31,as,31,0,90,8,1746,476456
2012/12/31,bn,86,13,682,9,24844,2597406
2012/12/31,bh,10,0,21,0,2797,180112
2012/12/31,bpy,27,0,29,0,24866,864819
2012/12/31,gu,57,7,181,2,22400,1090654
2012/12/31,hi,90,8,874,9,96467,6702547
2012/12/31,kn,46,3,334,4,13019,1165264
2012/12/31,ks,5,0,8,0,113,65210
2012/12/31,ml,155,23,922,23,28375,2582977
2012/12/31,mr,77,10,461,8,38859,3210894
2012/12/31,ne,39,0,139,3,23405,810240
2012/12/31,new,28,0,22,5,71010,807466
2012/12/31,or,29,1,64,3,3251,315203
2012/12/31,pa,40,1,65,14,4912,373512
2012/12/31,pi,10,1,8,0,3159,112726
2012/12/31,sa,28,0,105,4,9724,412107
2012/12/31,sd,8,0,27,0,526,79112
2012/12/31,ta,115,15,836,25,50556,5471742
2012/12/31,te,63,3,542,6,51957,2012009
2012/12/31,total,995,89,5689,144,494850,30927690
2012/12/31,ur,51,4,279,21,22864,1597234
