date,"language",views
2008/01/31,"Assamese",51343
2008/02/29,"Assamese",52621
2008/03/31,"Assamese",45946
2008/04/30,"Assamese",58752
2008/05/31,"Assamese",50228
2008/06/30,"Assamese",66465
2008/07/31,"Assamese",56155
2008/08/31,"Assamese",52838
2008/09/30,"Assamese",53028
2008/10/31,"Assamese",81368
2008/11/30,"Assamese",76458
2008/12/31,"Assamese",75297
2009/01/31,"Assamese",75359
2009/02/28,"Assamese",59818
2009/03/31,"Assamese",83473
2009/04/30,"Assamese",64088
2009/05/31,"Assamese",59039
2009/06/30,"Assamese",84186
2009/07/31,"Assamese",61769
2009/08/31,"Assamese",66080
2009/09/30,"Assamese",61554
2009/10/31,"Assamese",75216
2009/11/30,"Assamese",88300
2009/12/31,"Assamese",93305
2010/01/31,"Assamese",91161
2010/02/28,"Assamese",98933
2010/03/31,"Assamese",98900
2010/04/30,"Assamese",112345
2010/05/31,"Assamese",101966
2010/06/30,"Assamese",82165
2010/07/31,"Assamese",98676
2010/08/31,"Assamese",89987
2010/09/30,"Assamese",74386
2010/10/31,"Assamese",164389
2010/11/30,"Assamese",90921
2010/12/31,"Assamese",97717
2011/01/31,"Assamese",79452
2011/02/28,"Assamese",90476
2011/03/31,"Assamese",115327
2011/04/30,"Assamese",97069
2011/05/31,"Assamese",134587
2011/06/30,"Assamese",86228
2011/07/31,"Assamese",99648
2011/08/31,"Assamese",143477
2011/09/30,"Assamese",127560
2011/10/31,"Assamese",243991
2011/11/30,"Assamese",162464
2011/12/31,"Assamese",212109
2012/01/31,"Assamese",255686
2012/02/29,"Assamese",293001
2012/03/31,"Assamese",395271
2012/04/30,"Assamese",295510
2012/05/31,"Assamese",380908
2012/06/30,"Assamese",358924
2012/07/31,"Assamese",391555
2012/08/31,"Assamese",354104
2012/09/30,"Assamese",386295
2012/10/31,"Assamese",469888
2012/11/30,"Assamese",442135
2012/12/13,"Assamese",476456
2013/01/31,"Assamese",474215
2013/02/12,"Assamese",148348
2008/01/31,"Bhojpuri",239068
2008/02/29,"Bhojpuri",144905
2008/03/31,"Bhojpuri",243350
2008/04/30,"Bhojpuri",162452
2008/05/31,"Bhojpuri",131212
2008/06/30,"Bhojpuri",124517
2008/07/31,"Bhojpuri",107868
2008/08/31,"Bhojpuri",109547
2008/09/30,"Bhojpuri",86012
2008/10/31,"Bhojpuri",92634
2008/11/30,"Bhojpuri",100950
2008/12/31,"Bhojpuri",94951
2009/01/31,"Bhojpuri",111401
2009/02/28,"Bhojpuri",77773
2009/03/31,"Bhojpuri",99054
2009/04/30,"Bhojpuri",97059
2009/05/31,"Bhojpuri",86637
2009/06/30,"Bhojpuri",98418
2009/07/31,"Bhojpuri",89518
2009/08/31,"Bhojpuri",104800
2009/09/30,"Bhojpuri",81582
2009/10/31,"Bhojpuri",105763
2009/11/30,"Bhojpuri",91524
2009/12/31,"Bhojpuri",96117
2010/01/31,"Bhojpuri",115518
2010/02/28,"Bhojpuri",126984
2010/03/31,"Bhojpuri",119365
2010/04/30,"Bhojpuri",147711
2010/05/31,"Bhojpuri",132259
2010/06/30,"Bhojpuri",106921
2010/07/31,"Bhojpuri",113310
2010/08/31,"Bhojpuri",113591
2010/09/30,"Bhojpuri",128021
2010/10/31,"Bhojpuri",130670
2010/11/30,"Bhojpuri",140574
2010/12/31,"Bhojpuri",185491
2011/01/31,"Bhojpuri",163508
2011/02/28,"Bhojpuri",191001
2011/03/31,"Bhojpuri",193981
2011/04/30,"Bhojpuri",158829
2011/05/31,"Bhojpuri",155756
2011/06/30,"Bhojpuri",158314
2011/07/31,"Bhojpuri",182593
2011/08/31,"Bhojpuri",204221
2011/09/30,"Bhojpuri",175059
2011/10/31,"Bhojpuri",278434
2011/11/30,"Bhojpuri",204050
2011/12/31,"Bhojpuri",176915
2012/01/31,"Bhojpuri",170274
2012/02/29,"Bhojpuri",194105
2012/03/31,"Bhojpuri",208005
2012/04/30,"Bhojpuri",145920
2012/05/31,"Bhojpuri",176770
2012/06/30,"Bhojpuri",158348
2012/07/31,"Bhojpuri",154581
2012/08/31,"Bhojpuri",172549
2012/09/30,"Bhojpuri",181334
2012/10/31,"Bhojpuri",191078
2012/11/30,"Bhojpuri",174532
2012/12/13,"Bhojpuri",180112
2013/01/31,"Bhojpuri",177054
2013/02/12,"Bhojpuri",67554
2008/01/31,"Bengali",1764334
2008/02/29,"Bengali",1432087
2008/03/31,"Bengali",1732195
2008/04/30,"Bengali",1981687
2008/05/31,"Bengali",2082838
2008/06/30,"Bengali",2004510
2008/07/31,"Bengali",1710712
2008/08/31,"Bengali",1656420
2008/09/30,"Bengali",1507405
2008/10/31,"Bengali",1680118
2008/11/30,"Bengali",1695821
2008/12/31,"Bengali",1938081
2009/01/31,"Bengali",2269294
2009/02/28,"Bengali",1875228
2009/03/31,"Bengali",2571912
2009/04/30,"Bengali",1521019
2009/05/31,"Bengali",1466029
2009/06/30,"Bengali",1734206
2009/07/31,"Bengali",1804817
2009/08/31,"Bengali",2070579
2009/09/30,"Bengali",2080503
2009/10/31,"Bengali",2585947
2009/11/30,"Bengali",2245699
2009/12/31,"Bengali",2782785
2010/01/31,"Bengali",2574848
2010/02/28,"Bengali",2747949
2010/03/31,"Bengali",2494974
2010/04/30,"Bengali",2418973
2010/05/31,"Bengali",2079080
2010/06/30,"Bengali",1376385
2010/07/31,"Bengali",1794844
2010/08/31,"Bengali",1780657
2010/09/30,"Bengali",1780128
2010/10/31,"Bengali",1859158
2010/11/30,"Bengali",1998094
2010/12/31,"Bengali",2619266
2011/01/31,"Bengali",1874433
2011/02/28,"Bengali",2236272
2011/03/31,"Bengali",2726306
2011/04/30,"Bengali",1960564
2011/05/31,"Bengali",2769712
2011/06/30,"Bengali",1946518
2011/07/31,"Bengali",1947480
2011/08/31,"Bengali",2521483
2011/09/30,"Bengali",2863890
2011/10/31,"Bengali",4439441
2011/11/30,"Bengali",2460603
2011/12/31,"Bengali",2315088
2012/01/31,"Bengali",2531719
2012/02/29,"Bengali",2347611
2012/03/31,"Bengali",2609450
2012/04/30,"Bengali",2304730
2012/05/31,"Bengali",2689791
2012/06/30,"Bengali",2335797
2012/07/31,"Bengali",2343109
2012/08/31,"Bengali",2375159
2012/09/30,"Bengali",2084566
2012/10/31,"Bengali",2204711
2012/11/30,"Bengali",2247501
2012/12/13,"Bengali",2597406
2013/01/31,"Bengali",2902608
2013/02/12,"Bengali",1189173
2008/01/31,"Bishnupriya Manipuri",1277667
2008/02/29,"Bishnupriya Manipuri",988108
2008/03/31,"Bishnupriya Manipuri",1236680
2008/04/30,"Bishnupriya Manipuri",1756272
2008/05/31,"Bishnupriya Manipuri",1982603
2008/06/30,"Bishnupriya Manipuri",1825171
2008/07/31,"Bishnupriya Manipuri",1459844
2008/08/31,"Bishnupriya Manipuri",1341542
2008/09/30,"Bishnupriya Manipuri",1221913
2008/10/31,"Bishnupriya Manipuri",1380827
2008/11/30,"Bishnupriya Manipuri",1397102
2008/12/31,"Bishnupriya Manipuri",1404392
2009/01/31,"Bishnupriya Manipuri",1744794
2009/02/28,"Bishnupriya Manipuri",1404835
2009/03/31,"Bishnupriya Manipuri",1841739
2009/04/30,"Bishnupriya Manipuri",1029813
2009/05/31,"Bishnupriya Manipuri",981733
2009/06/30,"Bishnupriya Manipuri",1132420
2009/07/31,"Bishnupriya Manipuri",1073661
2009/08/31,"Bishnupriya Manipuri",1315673
2009/09/30,"Bishnupriya Manipuri",1271392
2009/10/31,"Bishnupriya Manipuri",1593952
2009/11/30,"Bishnupriya Manipuri",1342916
2009/12/31,"Bishnupriya Manipuri",1510928
2010/01/31,"Bishnupriya Manipuri",1466489
2010/02/28,"Bishnupriya Manipuri",1161400
2010/03/31,"Bishnupriya Manipuri",1002004
2010/04/30,"Bishnupriya Manipuri",1076674
2010/05/31,"Bishnupriya Manipuri",1041791
2010/06/30,"Bishnupriya Manipuri",476872
2010/07/31,"Bishnupriya Manipuri",663647
2010/08/31,"Bishnupriya Manipuri",594876
2010/09/30,"Bishnupriya Manipuri",626442
2010/10/31,"Bishnupriya Manipuri",594525
2010/11/30,"Bishnupriya Manipuri",658923
2010/12/31,"Bishnupriya Manipuri",808578
2011/01/31,"Bishnupriya Manipuri",691311
2011/02/28,"Bishnupriya Manipuri",749800
2011/03/31,"Bishnupriya Manipuri",965151
2011/04/30,"Bishnupriya Manipuri",654946
2011/05/31,"Bishnupriya Manipuri",729132
2011/06/30,"Bishnupriya Manipuri",646801
2011/07/31,"Bishnupriya Manipuri",663570
2011/08/31,"Bishnupriya Manipuri",886627
2011/09/30,"Bishnupriya Manipuri",764760
2011/10/31,"Bishnupriya Manipuri",1237923
2011/11/30,"Bishnupriya Manipuri",769336
2011/12/31,"Bishnupriya Manipuri",878084
2012/01/31,"Bishnupriya Manipuri",818207
2012/02/29,"Bishnupriya Manipuri",720784
2012/03/31,"Bishnupriya Manipuri",688932
2012/04/30,"Bishnupriya Manipuri",666971
2012/05/31,"Bishnupriya Manipuri",756374
2012/06/30,"Bishnupriya Manipuri",634622
2012/07/31,"Bishnupriya Manipuri",660642
2012/08/31,"Bishnupriya Manipuri",645115
2012/09/30,"Bishnupriya Manipuri",620649
2012/10/31,"Bishnupriya Manipuri",630708
2012/11/30,"Bishnupriya Manipuri",639034
2012/12/13,"Bishnupriya Manipuri",864819
2013/01/31,"Bishnupriya Manipuri",701209
2013/02/12,"Bishnupriya Manipuri",245825
2008/01/31,"Gujarati",166667
2008/02/29,"Gujarati",143000
2008/03/31,"Gujarati",123389
2008/04/30,"Gujarati",143320
2008/05/31,"Gujarati",136581
2008/06/30,"Gujarati",147850
2008/07/31,"Gujarati",154437
2008/08/31,"Gujarati",179257
2008/09/30,"Gujarati",223942
2008/10/31,"Gujarati",231880
2008/11/30,"Gujarati",190523
2008/12/31,"Gujarati",258223
2009/01/31,"Gujarati",239194
2009/02/28,"Gujarati",176878
2009/03/31,"Gujarati",261766
2009/04/30,"Gujarati",231602
2009/05/31,"Gujarati",229719
2009/06/30,"Gujarati",305216
2009/07/31,"Gujarati",321863
2009/08/31,"Gujarati",387866
2009/09/30,"Gujarati",354080
2009/10/31,"Gujarati",525767
2009/11/30,"Gujarati",467127
2009/12/31,"Gujarati",537128
2010/01/31,"Gujarati",524032
2010/02/28,"Gujarati",641361
2010/03/31,"Gujarati",604040
2010/04/30,"Gujarati",677129
2010/05/31,"Gujarati",597275
2010/06/30,"Gujarati",413175
2010/07/31,"Gujarati",512471
2010/08/31,"Gujarati",538949
2010/09/30,"Gujarati",489765
2010/10/31,"Gujarati",481069
2010/11/30,"Gujarati",560243
2010/12/31,"Gujarati",651757
2011/01/31,"Gujarati",604616
2011/02/28,"Gujarati",645550
2011/03/31,"Gujarati",710374
2011/04/30,"Gujarati",687710
2011/05/31,"Gujarati",840960
2011/06/30,"Gujarati",717554
2011/07/31,"Gujarati",891553
2011/08/31,"Gujarati",1023459
2011/09/30,"Gujarati",883623
2011/10/31,"Gujarati",1130133
2011/11/30,"Gujarati",815330
2011/12/31,"Gujarati",869915
2012/01/31,"Gujarati",1023531
2012/02/29,"Gujarati",938459
2012/03/31,"Gujarati",895331
2012/04/30,"Gujarati",671423
2012/05/31,"Gujarati",755959
2012/06/30,"Gujarati",838792
2012/07/31,"Gujarati",1167925
2012/08/31,"Gujarati",1164976
2012/09/30,"Gujarati",1087468
2012/10/31,"Gujarati",935012
2012/11/30,"Gujarati",909321
2012/12/13,"Gujarati",1090654
2013/01/31,"Gujarati",1061228
2013/02/12,"Gujarati",391782
2008/01/31,"Hindi",1757994
2008/02/29,"Hindi",1362171
2008/03/31,"Hindi",1820954
2008/04/30,"Hindi",2226164
2008/05/31,"Hindi",1992144
2008/06/30,"Hindi",1974777
2008/07/31,"Hindi",2122342
2008/08/31,"Hindi",2183872
2008/09/30,"Hindi",2212976
2008/10/31,"Hindi",2352205
2008/11/30,"Hindi",2120843
2008/12/31,"Hindi",2413777
2009/01/31,"Hindi",2519119
2009/02/28,"Hindi",2107890
2009/03/31,"Hindi",2326860
2009/04/30,"Hindi",2200941
2009/05/31,"Hindi",2404256
2009/06/30,"Hindi",2995149
2009/07/31,"Hindi",3296851
2009/08/31,"Hindi",4322851
2009/09/30,"Hindi",4648245
2009/10/31,"Hindi",4495096
2009/11/30,"Hindi",4177637
2009/12/31,"Hindi",4903604
2010/01/31,"Hindi",4376349
2010/02/28,"Hindi",4730294
2010/03/31,"Hindi",4128519
2010/04/30,"Hindi",4228993
2010/05/31,"Hindi",3953928
2010/06/30,"Hindi",4375919
2010/07/31,"Hindi",5133693
2010/08/31,"Hindi",5046081
2010/09/30,"Hindi",5329495
2010/10/31,"Hindi",5238710
2010/11/30,"Hindi",4930634
2010/12/31,"Hindi",7848740
2011/01/31,"Hindi",4880896
2011/02/28,"Hindi",4720001
2011/03/31,"Hindi",5293557
2011/04/30,"Hindi",5095131
2011/05/31,"Hindi",4948898
2011/06/30,"Hindi",6531680
2011/07/31,"Hindi",7312163
2011/08/31,"Hindi",9094417
2011/09/30,"Hindi",7730432
2011/10/31,"Hindi",9004187
2011/11/30,"Hindi",6548639
2011/12/31,"Hindi",5854485
2012/01/31,"Hindi",6215016
2012/02/29,"Hindi",5213561
2012/03/31,"Hindi",4847957
2012/04/30,"Hindi",4571137
2012/05/31,"Hindi",5561316
2012/06/30,"Hindi",6738121
2012/07/31,"Hindi",6795845
2012/08/31,"Hindi",6985729
2012/09/30,"Hindi",6901566
2012/10/31,"Hindi",7173579
2012/11/30,"Hindi",6537528
2012/12/13,"Hindi",6702547
2013/01/31,"Hindi",7558754
2013/02/12,"Hindi",2669209
2008/01/31,"Kannada",598078
2008/02/29,"Kannada",427755
2008/03/31,"Kannada",650647
2008/04/30,"Kannada",642831
2008/05/31,"Kannada",458810
2008/06/30,"Kannada",508090
2008/07/31,"Kannada",467849
2008/08/31,"Kannada",493240
2008/09/30,"Kannada",532268
2008/10/31,"Kannada",624660
2008/11/30,"Kannada",524268
2008/12/31,"Kannada",566095
2009/01/31,"Kannada",605222
2009/02/28,"Kannada",446789
2009/03/31,"Kannada",635946
2009/04/30,"Kannada",479224
2009/05/31,"Kannada",444042
2009/06/30,"Kannada",465153
2009/07/31,"Kannada",472943
2009/08/31,"Kannada",620332
2009/09/30,"Kannada",651773
2009/10/31,"Kannada",862857
2009/11/30,"Kannada",818105
2009/12/31,"Kannada",916470
2010/01/31,"Kannada",822956
2010/02/28,"Kannada",1044252
2010/03/31,"Kannada",992700
2010/04/30,"Kannada",1058778
2010/05/31,"Kannada",1362421
2010/06/30,"Kannada",854942
2010/07/31,"Kannada",976034
2010/08/31,"Kannada",1050517
2010/09/30,"Kannada",1032197
2010/10/31,"Kannada",1084605
2010/11/30,"Kannada",1014537
2010/12/31,"Kannada",1127597
2011/01/31,"Kannada",1130587
2011/02/28,"Kannada",1073387
2011/03/31,"Kannada",1313783
2011/04/30,"Kannada",1206679
2011/05/31,"Kannada",1723850
2011/06/30,"Kannada",1212490
2011/07/31,"Kannada",1335807
2011/08/31,"Kannada",1536835
2011/09/30,"Kannada",1333610
2011/10/31,"Kannada",1859668
2011/11/30,"Kannada",1397457
2011/12/31,"Kannada",1200877
2012/01/31,"Kannada",1374231
2012/02/29,"Kannada",1228050
2012/03/31,"Kannada",1167925
2012/04/30,"Kannada",983899
2012/05/31,"Kannada",1185792
2012/06/30,"Kannada",1207528
2012/07/31,"Kannada",1216723
2012/08/31,"Kannada",1217217
2012/09/30,"Kannada",1285355
2012/10/31,"Kannada",1379101
2012/11/30,"Kannada",1232106
2012/12/13,"Kannada",1165264
2013/01/31,"Kannada",1310965
2013/02/12,"Kannada",453628
2008/01/31,"Kashmiri",90912
2008/02/29,"Kashmiri",86421
2008/03/31,"Kashmiri",75016
2008/04/30,"Kashmiri",86629
2008/05/31,"Kashmiri",89036
2008/06/30,"Kashmiri",60200
2008/07/31,"Kashmiri",52892
2008/08/31,"Kashmiri",51268
2008/09/30,"Kashmiri",39218
2008/10/31,"Kashmiri",56154
2008/11/30,"Kashmiri",52747
2008/12/31,"Kashmiri",59137
2009/01/31,"Kashmiri",55553
2009/02/28,"Kashmiri",42035
2009/03/31,"Kashmiri",48971
2009/04/30,"Kashmiri",45848
2009/05/31,"Kashmiri",44431
2009/06/30,"Kashmiri",45233
2009/07/31,"Kashmiri",36260
2009/08/31,"Kashmiri",40093
2009/09/30,"Kashmiri",45659
2009/10/31,"Kashmiri",51757
2009/11/30,"Kashmiri",52167
2009/12/31,"Kashmiri",56527
2010/01/31,"Kashmiri",54172
2010/02/28,"Kashmiri",50893
2010/03/31,"Kashmiri",55798
2010/04/30,"Kashmiri",70608
2010/05/31,"Kashmiri",78524
2010/06/30,"Kashmiri",55477
2010/07/31,"Kashmiri",75310
2010/08/31,"Kashmiri",47355
2010/09/30,"Kashmiri",60042
2010/10/31,"Kashmiri",56557
2010/11/30,"Kashmiri",60967
2010/12/31,"Kashmiri",67143
2011/01/31,"Kashmiri",59277
2011/02/28,"Kashmiri",49586
2011/03/31,"Kashmiri",67105
2011/04/30,"Kashmiri",59113
2011/05/31,"Kashmiri",57443
2011/06/30,"Kashmiri",55038
2011/07/31,"Kashmiri",54782
2011/08/31,"Kashmiri",90362
2011/09/30,"Kashmiri",71859
2011/10/31,"Kashmiri",64845
2011/11/30,"Kashmiri",79065
2011/12/31,"Kashmiri",63550
2012/01/31,"Kashmiri",69966
2012/02/29,"Kashmiri",66471
2012/03/31,"Kashmiri",59716
2012/04/30,"Kashmiri",50298
2012/05/31,"Kashmiri",73516
2012/06/30,"Kashmiri",50426
2012/07/31,"Kashmiri",67335
2012/08/31,"Kashmiri",47530
2012/09/30,"Kashmiri",56488
2012/10/31,"Kashmiri",60663
2012/11/30,"Kashmiri",54556
2012/12/13,"Kashmiri",65210
2013/01/31,"Kashmiri",69328
2013/02/12,"Kashmiri",23322
2008/01/31,"Malayalam",904289
2008/02/29,"Malayalam",706008
2008/03/31,"Malayalam",894371
2008/04/30,"Malayalam",1134600
2008/05/31,"Malayalam",1370278
2008/06/30,"Malayalam",1199081
2008/07/31,"Malayalam",1087039
2008/08/31,"Malayalam",1155820
2008/09/30,"Malayalam",1379851
2008/10/31,"Malayalam",1268634
2008/11/30,"Malayalam",1108036
2008/12/31,"Malayalam",1243824
2009/01/31,"Malayalam",1143912
2009/02/28,"Malayalam",968911
2009/03/31,"Malayalam",1396649
2009/04/30,"Malayalam",1092423
2009/05/31,"Malayalam",1083584
2009/06/30,"Malayalam",1624755
2009/07/31,"Malayalam",1566902
2009/08/31,"Malayalam",1793994
2009/09/30,"Malayalam",2138697
2009/10/31,"Malayalam",2909319
2009/11/30,"Malayalam",2701698
2009/12/31,"Malayalam",2783226
2010/01/31,"Malayalam",2765431
2010/02/28,"Malayalam",2845219
2010/03/31,"Malayalam",2902965
2010/04/30,"Malayalam",3186281
2010/05/31,"Malayalam",2537643
2010/06/30,"Malayalam",1340893
2010/07/31,"Malayalam",1651028
2010/08/31,"Malayalam",1551437
2010/09/30,"Malayalam",1527100
2010/10/31,"Malayalam",1491325
2010/11/30,"Malayalam",1617107
2010/12/31,"Malayalam",1825301
2011/01/31,"Malayalam",1681364
2011/02/28,"Malayalam",1768080
2011/03/31,"Malayalam",2095761
2011/04/30,"Malayalam",1760832
2011/05/31,"Malayalam",2513454
2011/06/30,"Malayalam",2308587
2011/07/31,"Malayalam",2811107
2011/08/31,"Malayalam",3159346
2011/09/30,"Malayalam",2792725
2011/10/31,"Malayalam",5570501
2011/11/30,"Malayalam",5811737
2011/12/31,"Malayalam",2715708
2012/01/31,"Malayalam",2956862
2012/02/29,"Malayalam",2518167
2012/03/31,"Malayalam",2662726
2012/04/30,"Malayalam",2096078
2012/05/31,"Malayalam",2495557
2012/06/30,"Malayalam",2635802
2012/07/31,"Malayalam",2821358
2012/08/31,"Malayalam",2655090
2012/09/30,"Malayalam",2550015
2012/10/31,"Malayalam",2768743
2012/11/30,"Malayalam",2712845
2012/12/13,"Malayalam",2582977
2013/01/31,"Malayalam",3216755
2013/02/12,"Malayalam",1176868
2008/01/31,"Marathi",1349153
2008/02/29,"Marathi",1333035
2008/03/31,"Marathi",1552256
2008/04/30,"Marathi",1649732
2008/05/31,"Marathi",1797412
2008/06/30,"Marathi",1625324
2008/07/31,"Marathi",1415983
2008/08/31,"Marathi",1351310
2008/09/30,"Marathi",1276381
2008/10/31,"Marathi",1406073
2008/11/30,"Marathi",1337007
2008/12/31,"Marathi",1402856
2009/01/31,"Marathi",1474468
2009/02/28,"Marathi",1313209
2009/03/31,"Marathi",1808491
2009/04/30,"Marathi",1354905
2009/05/31,"Marathi",1325443
2009/06/30,"Marathi",1397988
2009/07/31,"Marathi",1926909
2009/08/31,"Marathi",2046485
2009/09/30,"Marathi",2025983
2009/10/31,"Marathi",2678311
2009/11/30,"Marathi",2317020
2009/12/31,"Marathi",2798541
2010/01/31,"Marathi",2535091
2010/02/28,"Marathi",2839333
2010/03/31,"Marathi",2745967
2010/04/30,"Marathi",2791343
2010/05/31,"Marathi",2470336
2010/06/30,"Marathi",2111540
2010/07/31,"Marathi",2605807
2010/08/31,"Marathi",2491100
2010/09/30,"Marathi",2589715
2010/10/31,"Marathi",2634405
2010/11/30,"Marathi",2503724
2010/12/31,"Marathi",2888354
2011/01/31,"Marathi",2738452
2011/02/28,"Marathi",2869351
2011/03/31,"Marathi",3115053
2011/04/30,"Marathi",2459340
2011/05/31,"Marathi",2742442
2011/06/30,"Marathi",3144489
2011/07/31,"Marathi",3819845
2011/08/31,"Marathi",4401155
2011/09/30,"Marathi",4588807
2011/10/31,"Marathi",6086932
2011/11/30,"Marathi",7566350
2011/12/31,"Marathi",3887211
2012/01/31,"Marathi",4325466
2012/02/29,"Marathi",3645486
2012/03/31,"Marathi",3576156
2012/04/30,"Marathi",2447892
2012/05/31,"Marathi",2819209
2012/06/30,"Marathi",2778964
2012/07/31,"Marathi",3026367
2012/08/31,"Marathi",2912041
2012/09/30,"Marathi",2867804
2012/10/31,"Marathi",3015982
2012/11/30,"Marathi",2733385
2012/12/13,"Marathi",3210894
2013/01/31,"Marathi",3671281
2013/02/12,"Marathi",1392731
2008/01/31,"Nepali",139310
2008/02/29,"Nepali",120090
2008/03/31,"Nepali",183883
2008/04/30,"Nepali",140999
2008/05/31,"Nepali",127739
2008/06/30,"Nepali",114474
2008/07/31,"Nepali",108495
2008/08/31,"Nepali",137511
2008/09/30,"Nepali",88666
2008/10/31,"Nepali",102013
2008/11/30,"Nepali",102050
2008/12/31,"Nepali",134288
2009/01/31,"Nepali",108025
2009/02/28,"Nepali",100393
2009/03/31,"Nepali",115190
2009/04/30,"Nepali",119520
2009/05/31,"Nepali",120145
2009/06/30,"Nepali",123406
2009/07/31,"Nepali",108272
2009/08/31,"Nepali",128143
2009/09/30,"Nepali",122260
2009/10/31,"Nepali",150145
2009/11/30,"Nepali",145665
2009/12/31,"Nepali",147244
2010/01/31,"Nepali",165734
2010/02/28,"Nepali",180133
2010/03/31,"Nepali",188001
2010/04/30,"Nepali",230799
2010/05/31,"Nepali",217569
2010/06/30,"Nepali",195341
2010/07/31,"Nepali",248274
2010/08/31,"Nepali",244099
2010/09/30,"Nepali",242635
2010/10/31,"Nepali",260941
2010/11/30,"Nepali",293721
2010/12/31,"Nepali",365477
2011/01/31,"Nepali",359873
2011/02/28,"Nepali",447874
2011/03/31,"Nepali",556288
2011/04/30,"Nepali",465415
2011/05/31,"Nepali",515424
2011/06/30,"Nepali",621982
2011/07/31,"Nepali",684712
2011/08/31,"Nepali",844582
2011/09/30,"Nepali",694126
2011/10/31,"Nepali",1338339
2011/11/30,"Nepali",1249960
2011/12/31,"Nepali",873115
2012/01/31,"Nepali",828952
2012/02/29,"Nepali",831049
2012/03/31,"Nepali",852941
2012/04/30,"Nepali",661378
2012/05/31,"Nepali",796760
2012/06/30,"Nepali",764984
2012/07/31,"Nepali",756820
2012/08/31,"Nepali",809575
2012/09/30,"Nepali",786936
2012/10/31,"Nepali",768744
2012/11/30,"Nepali",747388
2012/12/13,"Nepali",810240
2013/01/31,"Nepali",959619
2013/02/12,"Nepali",354269
2008/01/31,"Newari",996498
2008/02/29,"Newari",792345
2008/03/31,"Newari",1101383
2008/04/30,"Newari",1481030
2008/05/31,"Newari",1686856
2008/06/30,"Newari",1575792
2008/07/31,"Newari",1322946
2008/08/31,"Newari",1289067
2008/09/30,"Newari",1124033
2008/10/31,"Newari",1255474
2008/11/30,"Newari",1111524
2008/12/31,"Newari",1361189
2009/01/31,"Newari",1340490
2009/02/28,"Newari",1088865
2009/03/31,"Newari",1482067
2009/04/30,"Newari",898445
2009/05/31,"Newari",930394
2009/06/30,"Newari",1022357
2009/07/31,"Newari",1015894
2009/08/31,"Newari",1312880
2009/09/30,"Newari",1344657
2009/10/31,"Newari",1526841
2009/11/30,"Newari",1266288
2009/12/31,"Newari",1414490
2010/01/31,"Newari",1588302
2010/02/28,"Newari",1354335
2010/03/31,"Newari",1192329
2010/04/30,"Newari",1324221
2010/05/31,"Newari",1505271
2010/06/30,"Newari",534330
2010/07/31,"Newari",577959
2010/08/31,"Newari",553964
2010/09/30,"Newari",548605
2010/10/31,"Newari",498523
2010/11/30,"Newari",614887
2010/12/31,"Newari",929074
2011/01/31,"Newari",798218
2011/02/28,"Newari",804140
2011/03/31,"Newari",1028072
2011/04/30,"Newari",701044
2011/05/31,"Newari",638247
2011/06/30,"Newari",794662
2011/07/31,"Newari",983936
2011/08/31,"Newari",1064163
2011/09/30,"Newari",1296200
2011/10/31,"Newari",1395192
2011/11/30,"Newari",908057
2011/12/31,"Newari",987396
2012/01/31,"Newari",840122
2012/02/29,"Newari",852102
2012/03/31,"Newari",854775
2012/04/30,"Newari",740295
2012/05/31,"Newari",848682
2012/06/30,"Newari",656071
2012/07/31,"Newari",684336
2012/08/31,"Newari",741259
2012/09/30,"Newari",825532
2012/10/31,"Newari",734167
2012/11/30,"Newari",770914
2012/12/13,"Newari",807466
2013/01/31,"Newari",884731
2013/02/12,"Newari",335266
2008/01/31,"Oriya",50461
2008/02/29,"Oriya",50767
2008/03/31,"Oriya",43331
2008/04/30,"Oriya",45142
2008/05/31,"Oriya",38100
2008/06/30,"Oriya",43477
2008/07/31,"Oriya",31564
2008/08/31,"Oriya",33858
2008/09/30,"Oriya",24410
2008/10/31,"Oriya",29089
2008/11/30,"Oriya",32189
2008/12/31,"Oriya",31579
2009/01/31,"Oriya",31484
2009/02/28,"Oriya",25684
2009/03/31,"Oriya",34160
2009/04/30,"Oriya",31907
2009/05/31,"Oriya",31529
2009/06/30,"Oriya",40973
2009/07/31,"Oriya",36184
2009/08/31,"Oriya",37767
2009/09/30,"Oriya",30083
2009/10/31,"Oriya",35297
2009/11/30,"Oriya",41025
2009/12/31,"Oriya",42143
2010/01/31,"Oriya",42374
2010/02/28,"Oriya",44102
2010/03/31,"Oriya",42600
2010/04/30,"Oriya",51767
2010/05/31,"Oriya",60718
2010/06/30,"Oriya",46263
2010/07/31,"Oriya",56892
2010/08/31,"Oriya",37465
2010/09/30,"Oriya",44248
2010/10/31,"Oriya",50375
2010/11/30,"Oriya",47923
2010/12/31,"Oriya",60725
2011/01/31,"Oriya",54617
2011/02/28,"Oriya",51448
2011/03/31,"Oriya",111095
2011/04/30,"Oriya",137267
2011/05/31,"Oriya",115554
2011/06/30,"Oriya",134145
2011/07/31,"Oriya",176347
2011/08/31,"Oriya",224588
2011/09/30,"Oriya",206623
2011/10/31,"Oriya",489014
2011/11/30,"Oriya",257704
2011/12/31,"Oriya",284887
2012/01/31,"Oriya",282293
2012/02/29,"Oriya",394155
2012/03/31,"Oriya",319887
2012/04/30,"Oriya",311703
2012/05/31,"Oriya",449558
2012/06/30,"Oriya",407538
2012/07/31,"Oriya",358250
2012/08/31,"Oriya",374067
2012/09/30,"Oriya",300208
2012/10/31,"Oriya",397963
2012/11/30,"Oriya",320208
2012/12/13,"Oriya",315203
2013/01/31,"Oriya",372496
2013/02/12,"Oriya",140331
2008/01/31,"Pali",105278
2008/02/29,"Pali",89349
2008/03/31,"Pali",94905
2008/04/30,"Pali",119231
2008/05/31,"Pali",147591
2008/06/30,"Pali",145084
2008/07/31,"Pali",139994
2008/08/31,"Pali",140602
2008/09/30,"Pali",94444
2008/10/31,"Pali",187011
2008/11/30,"Pali",122886
2008/12/31,"Pali",115725
2009/01/31,"Pali",89147
2009/02/28,"Pali",71171
2009/03/31,"Pali",96844
2009/04/30,"Pali",111164
2009/05/31,"Pali",105883
2009/06/30,"Pali",118858
2009/07/31,"Pali",98388
2009/08/31,"Pali",110997
2009/09/30,"Pali",99907
2009/10/31,"Pali",119104
2009/11/30,"Pali",125861
2009/12/31,"Pali",128433
2010/01/31,"Pali",142198
2010/02/28,"Pali",165494
2010/03/31,"Pali",160767
2010/04/30,"Pali",225604
2010/05/31,"Pali",193997
2010/06/30,"Pali",154265
2010/07/31,"Pali",190554
2010/08/31,"Pali",165585
2010/09/30,"Pali",171898
2010/10/31,"Pali",197299
2010/11/30,"Pali",187568
2010/12/31,"Pali",219482
2011/01/31,"Pali",195137
2011/02/28,"Pali",196939
2011/03/31,"Pali",233963
2011/04/30,"Pali",219724
2011/05/31,"Pali",204321
2011/06/30,"Pali",221374
2011/07/31,"Pali",222555
2011/08/31,"Pali",257903
2011/09/30,"Pali",266888
2011/10/31,"Pali",416882
2011/11/30,"Pali",259858
2011/12/31,"Pali",290885
2012/01/31,"Pali",288078
2012/02/29,"Pali",293366
2012/03/31,"Pali",264857
2012/04/30,"Pali",235097
2012/05/31,"Pali",329846
2012/06/30,"Pali",336527
2012/07/31,"Pali",311771
2012/08/31,"Pali",272071
2012/09/30,"Pali",330107
2012/10/31,"Pali",375210
2012/11/30,"Pali",386006
2012/12/13,"Pali",373512
2013/01/31,"Pali",499830
2013/02/12,"Pali",174126
2008/01/31,"Punjabi",226043
2008/02/29,"Punjabi",124598
2008/03/31,"Punjabi",179131
2008/04/30,"Punjabi",141629
2008/05/31,"Punjabi",130307
2008/06/30,"Punjabi",104494
2008/07/31,"Punjabi",144256
2008/08/31,"Punjabi",86869
2008/09/30,"Punjabi",73528
2008/10/31,"Punjabi",78591
2008/11/30,"Punjabi",73521
2008/12/31,"Punjabi",79962
2009/01/31,"Punjabi",74347
2009/02/28,"Punjabi",58599
2009/03/31,"Punjabi",74521
2009/04/30,"Punjabi",73111
2009/05/31,"Punjabi",61434
2009/06/30,"Punjabi",74259
2009/07/31,"Punjabi",74698
2009/08/31,"Punjabi",81409
2009/09/30,"Punjabi",130555
2009/10/31,"Punjabi",87940
2009/11/30,"Punjabi",86018
2009/12/31,"Punjabi",82631
2010/01/31,"Punjabi",87702
2010/02/28,"Punjabi",89950
2010/03/31,"Punjabi",101218
2010/04/30,"Punjabi",131746
2010/05/31,"Punjabi",115162
2010/06/30,"Punjabi",90659
2010/07/31,"Punjabi",88799
2010/08/31,"Punjabi",91509
2010/09/30,"Punjabi",94875
2010/10/31,"Punjabi",100391
2010/11/30,"Punjabi",94754
2010/12/31,"Punjabi",133711
2011/01/31,"Punjabi",113850
2011/02/28,"Punjabi",106340
2011/03/31,"Punjabi",148264
2011/04/30,"Punjabi",109075
2011/05/31,"Punjabi",111348
2011/06/30,"Punjabi",105440
2011/07/31,"Punjabi",111506
2011/08/31,"Punjabi",129108
2011/09/30,"Punjabi",139424
2011/10/31,"Punjabi",184845
2011/11/30,"Punjabi",127700
2011/12/31,"Punjabi",153181
2012/01/31,"Punjabi",131539
2012/02/29,"Punjabi",142379
2012/03/31,"Punjabi",139379
2012/04/30,"Punjabi",121306
2012/05/31,"Punjabi",142235
2012/06/30,"Punjabi",159518
2012/07/31,"Punjabi",142618
2012/08/31,"Punjabi",127256
2012/09/30,"Punjabi",143735
2012/10/31,"Punjabi",140618
2012/11/30,"Punjabi",148089
2012/12/13,"Punjabi",112726
2013/01/31,"Punjabi",123065
2013/02/12,"Punjabi",46359
2008/01/31,"Sanskrit",174429
2008/02/29,"Sanskrit",207541
2008/03/31,"Sanskrit",243740
2008/04/30,"Sanskrit",197141
2008/05/31,"Sanskrit",188142
2008/06/30,"Sanskrit",197426
2008/07/31,"Sanskrit",181531
2008/08/31,"Sanskrit",191975
2008/09/30,"Sanskrit",140135
2008/10/31,"Sanskrit",161214
2008/11/30,"Sanskrit",149321
2008/12/31,"Sanskrit",163997
2009/01/31,"Sanskrit",142192
2009/02/28,"Sanskrit",158852
2009/03/31,"Sanskrit",230593
2009/04/30,"Sanskrit",215252
2009/05/31,"Sanskrit",210884
2009/06/30,"Sanskrit",220924
2009/07/31,"Sanskrit",232190
2009/08/31,"Sanskrit",231425
2009/09/30,"Sanskrit",193513
2009/10/31,"Sanskrit",231021
2009/11/30,"Sanskrit",202655
2009/12/31,"Sanskrit",211152
2010/01/31,"Sanskrit",231154
2010/02/28,"Sanskrit",239689
2010/03/31,"Sanskrit",238925
2010/04/30,"Sanskrit",276777
2010/05/31,"Sanskrit",224810
2010/06/30,"Sanskrit",173706
2010/07/31,"Sanskrit",178606
2010/08/31,"Sanskrit",153027
2010/09/30,"Sanskrit",163423
2010/10/31,"Sanskrit",174648
2010/11/30,"Sanskrit",194104
2010/12/31,"Sanskrit",233595
2011/01/31,"Sanskrit",234378
2011/02/28,"Sanskrit",218508
2011/03/31,"Sanskrit",251620
2011/04/30,"Sanskrit",220551
2011/05/31,"Sanskrit",258118
2011/06/30,"Sanskrit",293181
2011/07/31,"Sanskrit",315208
2011/08/31,"Sanskrit",378800
2011/09/30,"Sanskrit",343256
2011/10/31,"Sanskrit",568859
2011/11/30,"Sanskrit",356634
2011/12/31,"Sanskrit",462066
2012/01/31,"Sanskrit",463435
2012/02/29,"Sanskrit",441210
2012/03/31,"Sanskrit",438415
2012/04/30,"Sanskrit",370823
2012/05/31,"Sanskrit",477421
2012/06/30,"Sanskrit",472116
2012/07/31,"Sanskrit",458113
2012/08/31,"Sanskrit",409269
2012/09/30,"Sanskrit",406570
2012/10/31,"Sanskrit",489795
2012/11/30,"Sanskrit",447013
2012/12/13,"Sanskrit",412107
2013/01/31,"Sanskrit",522973
2013/02/12,"Sanskrit",184581
2008/01/31,"Sindhi",108008
2008/02/29,"Sindhi",46426
2008/03/31,"Sindhi",42080
2008/04/30,"Sindhi",193052
2008/05/31,"Sindhi",129375
2008/06/30,"Sindhi",49292
2008/07/31,"Sindhi",42236
2008/08/31,"Sindhi",37585
2008/09/30,"Sindhi",32411
2008/10/31,"Sindhi",38976
2008/11/30,"Sindhi",40344
2008/12/31,"Sindhi",58748
2009/01/31,"Sindhi",53952
2009/02/28,"Sindhi",44491
2009/03/31,"Sindhi",56297
2009/04/30,"Sindhi",40973
2009/05/31,"Sindhi",49905
2009/06/30,"Sindhi",55555
2009/07/31,"Sindhi",54797
2009/08/31,"Sindhi",58106
2009/09/30,"Sindhi",47522
2009/10/31,"Sindhi",56483
2009/11/30,"Sindhi",57608
2009/12/31,"Sindhi",60744
2010/01/31,"Sindhi",57358
2010/02/28,"Sindhi",56360
2010/03/31,"Sindhi",63592
2010/04/30,"Sindhi",73944
2010/05/31,"Sindhi",71498
2010/06/30,"Sindhi",61273
2010/07/31,"Sindhi",76882
2010/08/31,"Sindhi",54197
2010/09/30,"Sindhi",54686
2010/10/31,"Sindhi",58904
2010/11/30,"Sindhi",54604
2010/12/31,"Sindhi",77096
2011/01/31,"Sindhi",58974
2011/02/28,"Sindhi",54832
2011/03/31,"Sindhi",69128
2011/04/30,"Sindhi",57119
2011/05/31,"Sindhi",53601
2011/06/30,"Sindhi",64317
2011/07/31,"Sindhi",79945
2011/08/31,"Sindhi",85132
2011/09/30,"Sindhi",71894
2011/10/31,"Sindhi",82199
2011/11/30,"Sindhi",74148
2011/12/31,"Sindhi",83698
2012/01/31,"Sindhi",71377
2012/02/29,"Sindhi",71150
2012/03/31,"Sindhi",85368
2012/04/30,"Sindhi",80925
2012/05/31,"Sindhi",104777
2012/06/30,"Sindhi",94862
2012/07/31,"Sindhi",79286
2012/08/31,"Sindhi",69672
2012/09/30,"Sindhi",66996
2012/10/31,"Sindhi",78178
2012/11/30,"Sindhi",77724
2012/12/13,"Sindhi",79112
2013/01/31,"Sindhi",86248
2013/02/12,"Sindhi",27237
2008/01/31,"Tamil",1439936
2008/02/29,"Tamil",1151733
2008/03/31,"Tamil",2714556
2008/04/30,"Tamil",3207577
2008/05/31,"Tamil",1443432
2008/06/30,"Tamil",1448222
2008/07/31,"Tamil",1395041
2008/08/31,"Tamil",1449088
2008/09/30,"Tamil",1702059
2008/10/31,"Tamil",1754304
2008/11/30,"Tamil",1627622
2008/12/31,"Tamil",1846129
2009/01/31,"Tamil",1748939
2009/02/28,"Tamil",1363677
2009/03/31,"Tamil",1875408
2009/04/30,"Tamil",1514584
2009/05/31,"Tamil",1371216
2009/06/30,"Tamil",1625082
2009/07/31,"Tamil",1758200
2009/08/31,"Tamil",1952741
2009/09/30,"Tamil",1863130
2009/10/31,"Tamil",2406075
2009/11/30,"Tamil",2398644
2009/12/31,"Tamil",2623173
2010/01/31,"Tamil",2605004
2010/02/28,"Tamil",2668564
2010/03/31,"Tamil",2490003
2010/04/30,"Tamil",2538912
2010/05/31,"Tamil",2214814
2010/06/30,"Tamil",2134583
2010/07/31,"Tamil",2516879
2010/08/31,"Tamil",2631731
2010/09/30,"Tamil",2527773
2010/10/31,"Tamil",2690863
2010/11/30,"Tamil",2788919
2010/12/31,"Tamil",3256506
2011/01/31,"Tamil",2891053
2011/02/28,"Tamil",3169971
2011/03/31,"Tamil",3679184
2011/04/30,"Tamil",2929074
2011/05/31,"Tamil",3802148
2011/06/30,"Tamil",3080229
2011/07/31,"Tamil",3424035
2011/08/31,"Tamil",4033058
2011/09/30,"Tamil",4136077
2011/10/31,"Tamil",4898556
2011/11/30,"Tamil",4007115
2011/12/31,"Tamil",4247678
2012/01/31,"Tamil",4417389
2012/02/29,"Tamil",4134199
2012/03/31,"Tamil",4827518
2012/04/30,"Tamil",3300790
2012/05/31,"Tamil",3864132
2012/06/30,"Tamil",4141212
2012/07/31,"Tamil",4557751
2012/08/31,"Tamil",4479283
2012/09/30,"Tamil",3832378
2012/10/31,"Tamil",4743395
2012/11/30,"Tamil",4139187
2012/12/13,"Tamil",5471742
2013/01/31,"Tamil",4986916
2013/02/12,"Tamil",1858503
2008/01/31,"Telugu",1875166
2008/02/29,"Telugu",1600688
2008/03/31,"Telugu",2108564
2008/04/30,"Telugu",2245028
2008/05/31,"Telugu",2434150
2008/06/30,"Telugu",2080643
2008/07/31,"Telugu",1722930
2008/08/31,"Telugu",1706024
2008/09/30,"Telugu",1696248
2008/10/31,"Telugu",1817968
2008/11/30,"Telugu",1458182
2008/12/31,"Telugu",1957949
2009/01/31,"Telugu",1683231
2009/02/28,"Telugu",1881129
2009/03/31,"Telugu",2146811
2009/04/30,"Telugu",1442099
2009/05/31,"Telugu",1410038
2009/06/30,"Telugu",1435928
2009/07/31,"Telugu",1566376
2009/08/31,"Telugu",1854477
2009/09/30,"Telugu",2379958
2009/10/31,"Telugu",3736608
2009/11/30,"Telugu",3717771
2009/12/31,"Telugu",4134881
2010/01/31,"Telugu",3540826
2010/02/28,"Telugu",4180496
2010/03/31,"Telugu",3905992
2010/04/30,"Telugu",3706845
2010/05/31,"Telugu",2626422
2010/06/30,"Telugu",1543395
2010/07/31,"Telugu",1820302
2010/08/31,"Telugu",1703653
2010/09/30,"Telugu",1588038
2010/10/31,"Telugu",1713889
2010/11/30,"Telugu",1687421
2010/12/31,"Telugu",2130999
2011/01/31,"Telugu",2215576
2011/02/28,"Telugu",1961167
2011/03/31,"Telugu",2426691
2011/04/30,"Telugu",2329270
2011/05/31,"Telugu",3203635
2011/06/30,"Telugu",2454052
2011/07/31,"Telugu",2505058
2011/08/31,"Telugu",2520912
2011/09/30,"Telugu",2328409
2011/10/31,"Telugu",3568060
2011/11/30,"Telugu",2249882
2011/12/31,"Telugu",2501728
2012/01/31,"Telugu",2698912
2012/02/29,"Telugu",2451085
2012/03/31,"Telugu",2578207
2012/04/30,"Telugu",1913305
2012/05/31,"Telugu",2106064
2012/06/30,"Telugu",2056839
2012/07/31,"Telugu",1988344
2012/08/31,"Telugu",1996462
2012/09/30,"Telugu",1917046
2012/10/31,"Telugu",2216677
2012/11/30,"Telugu",1972035
2012/12/13,"Telugu",2012009
2013/01/31,"Telugu",2108311
2013/02/12,"Telugu",755984
2008/01/31,"Urdu",705743
2008/02/29,"Urdu",561982
2008/03/31,"Urdu",559831
2008/04/30,"Urdu",710486
2008/05/31,"Urdu",785659
2008/06/30,"Urdu",587089
2008/07/31,"Urdu",539229
2008/08/31,"Urdu",661539
2008/09/30,"Urdu",640762
2008/10/31,"Urdu",648858
2008/11/30,"Urdu",549666
2008/12/31,"Urdu",576588
2009/01/31,"Urdu",581786
2009/02/28,"Urdu",534859
2009/03/31,"Urdu",720945
2009/04/30,"Urdu",603393
2009/05/31,"Urdu",597365
2009/06/30,"Urdu",735878
2009/07/31,"Urdu",720662
2009/08/31,"Urdu",814443
2009/09/30,"Urdu",800454
2009/10/31,"Urdu",958408
2009/11/30,"Urdu",1146679
2009/12/31,"Urdu",1039487
2010/01/31,"Urdu",1021865
2010/02/28,"Urdu",1143967
2010/03/31,"Urdu",939471
2010/04/30,"Urdu",1079464
2010/05/31,"Urdu",1098092
2010/06/30,"Urdu",984648
2010/07/31,"Urdu",1034315
2010/08/31,"Urdu",967336
2010/09/30,"Urdu",985925
2010/10/31,"Urdu",1047544
2010/11/30,"Urdu",1101043
2010/12/31,"Urdu",1309476
2011/01/31,"Urdu",1156828
2011/02/28,"Urdu",1192050
2011/03/31,"Urdu",1413756
2011/04/30,"Urdu",1120117
2011/05/31,"Urdu",1150701
2011/06/30,"Urdu",1113237
2011/07/31,"Urdu",1173200
2011/08/31,"Urdu",1517521
2011/09/30,"Urdu",1604866
2011/10/31,"Urdu",1696818
2011/11/30,"Urdu",1519823
2011/12/31,"Urdu",1555202
2012/01/31,"Urdu",1436794
2012/02/29,"Urdu",1398592
2012/03/31,"Urdu",1408958
2012/04/30,"Urdu",1296008
2012/05/31,"Urdu",1376973
2012/06/30,"Urdu",1420318
2012/07/31,"Urdu",1373828
2012/08/31,"Urdu",1302480
2012/09/30,"Urdu",1370492
2012/10/31,"Urdu",1518276
2012/11/30,"Urdu",1624666
2012/12/13,"Urdu",1597234
2013/01/31,"Urdu",1861516
2013/02/12,"Urdu",701830
2008/01/31,"Total",14020377
2008/02/29,"Total",11421630
2008/03/31,"Total",15646208
2008/04/30,"Total",18323754
2008/05/31,"Total",17202493
2008/06/30,"Total",15881978
2008/07/31,"Total",14263343
2008/08/31,"Total",14309232
2008/09/30,"Total",14149690
2008/10/31,"Total",15248051
2008/11/30,"Total",13871060
2008/12/31,"Total",15782787
2009/01/31,"Total",16091909
2009/02/28,"Total",13801086
2009/03/31,"Total",17907697
2009/04/30,"Total",13167370
2009/05/31,"Total",13013706
2009/06/30,"Total",15335944
2009/07/31,"Total",16317154
2009/08/31,"Total",19351141
2009/09/30,"Total",20371507
2009/10/31,"Total",25191907
2009/11/30,"Total",23490407
2009/12/31,"Total",26363009
2010/01/31,"Total",24808564
2010/02/28,"Total",26409708
2010/03/31,"Total",24468130
2010/04/30,"Total",25408914
2010/05/31,"Total",22683576
2010/06/30,"Total",17112752
2010/07/31,"Total",20414282
2010/08/31,"Total",19907116
2010/09/30,"Total",20059397
2010/10/31,"Total",20528790
2010/11/30,"Total",20640668
2010/12/31,"Total",26836085
2011/01/31,"Total",21982400
2011/02/28,"Total",22596773
2011/03/31,"Total",26514459
2011/04/30,"Total",22428869
2011/05/31,"Total",26669331
2011/06/30,"Total",25690318
2011/07/31,"Total",28795050
2011/08/31,"Total",34117149
2011/09/30,"Total",32420088
2011/10/31,"Total",44554819
2011/11/30,"Total",36825912
2011/12/31,"Total",29613778
2012/01/31,"Total",31199849
2012/02/29,"Total",28174982
2012/03/31,"Total",28881774
2012/04/30,"Total",23265488
2012/05/31,"Total",27391640
2012/06/30,"Total",28247309
2012/07/31,"Total",29356557
2012/08/31,"Total",29110904
2012/09/30,"Total",28001540
2012/10/31,"Total",30292488
2012/11/30,"Total",28316173
2012/12/13,"Total",30927690
2013/01/31,"Total",33549102
2013/02/12,"Total",12336926
